task,baseline,dataset,instance,status,reason
sr,dscv,Const-Test-1,Const-Test-1,compatible,
sr,dso,Const-Test-1,Const-Test-1,compatible,
sr,symbolicgpt,Const-Test-1,Const-Test-1,compatible,
sr,gplearn,Const-Test-1,Const-Test-1,compatible,
sr,physo,Const-Test-1,Const-Test-1,compatible,
sr,pysr,Const-Test-1,Const-Test-1,compatible,
sr,llmsr,Const-Test-1,Const-Test-1,compatible,
sr,pyoperon,Const-Test-1,Const-Test-1,error,ModuleNotFoundError: No module named 'pyoperon'
sr,dscv,Const-Test-2,Const-Test-2,compatible,
sr,dso,Const-Test-2,Const-Test-2,compatible,
sr,symbolicgpt,Const-Test-2,Const-Test-2,compatible,
sr,gplearn,Const-Test-2,Const-Test-2,compatible,
sr,physo,Const-Test-2,Const-Test-2,compatible,
sr,pysr,Const-Test-2,Const-Test-2,compatible,
sr,llmsr,Const-Test-2,Const-Test-2,compatible,
sr,pyoperon,Const-Test-2,Const-Test-2,error,ModuleNotFoundError: No module named 'pyoperon'
sr,dscv,Constant-1,Constant-1,compatible,
sr,dso,Constant-1,Constant-1,compatible,
sr,symbolicgpt,Constant-1,Constant-1,compatible,
sr,gplearn,Constant-1,Constant-1,compatible,
sr,physo,Constant-1,Constant-1,compatible,
sr,pysr,Constant-1,Constant-1,compatible,
sr,llmsr,Constant-1,Constant-1,compatible,
sr,pyoperon,Constant-1,Constant-1,error,ModuleNotFoundError: No module named 'pyoperon'
sr,dscv,Constant-2,Constant-2,compatible,
sr,dso,Constant-2,Constant-2,compatible,
sr,symbolicgpt,Constant-2,Constant-2,compatible,
sr,gplearn,Constant-2,Constant-2,compatible,
sr,physo,Constant-2,Constant-2,compatible,
sr,pysr,Constant-2,Constant-2,compatible,
sr,llmsr,Constant-2,Constant-2,compatible,
sr,pyoperon,Constant-2,Constant-2,error,ModuleNotFoundError: No module named 'pyoperon'
sr,dscv,Constant-3,Constant-3,compatible,
sr,dso,Constant-3,Constant-3,compatible,
sr,symbolicgpt,Constant-3,Constant-3,compatible,
sr,gplearn,Constant-3,Constant-3,compatible,
sr,physo,Constant-3,Constant-3,compatible,
sr,pysr,Constant-3,Constant-3,compatible,
sr,llmsr,Constant-3,Constant-3,compatible,
sr,pyoperon,Constant-3,Constant-3,error,ModuleNotFoundError: No module named 'pyoperon'
sr,dscv,Constant-4,Constant-4,compatible,
sr,dso,Constant-4,Constant-4,compatible,
sr,symbolicgpt,Constant-4,Constant-4,compatible,
sr,gplearn,Constant-4,Constant-4,compatible,
sr,physo,Constant-4,Constant-4,compatible,
sr,pysr,Constant-4,Constant-4,compatible,
sr,llmsr,Constant-4,Constant-4,compatible,
sr,pyoperon,Constant-4,Constant-4,error,ModuleNotFoundError: No module named 'pyoperon'
sr,dscv,Constant-5,Constant-5,compatible,
sr,dso,Constant-5,Constant-5,compatible,
sr,symbolicgpt,Constant-5,Constant-5,compatible,
sr,gplearn,Constant-5,Constant-5,compatible,
sr,physo,Constant-5,Constant-5,compatible,
sr,pysr,Constant-5,Constant-5,compatible,
sr,llmsr,Constant-5,Constant-5,compatible,
sr,pyoperon,Constant-5,Constant-5,error,ModuleNotFoundError: No module named 'pyoperon'
sr,dscv,Constant-6,Constant-6,compatible,
sr,dso,Constant-6,Constant-6,compatible,
sr,symbolicgpt,Constant-6,Constant-6,compatible,
sr,gplearn,Constant-6,Constant-6,compatible,
sr,physo,Constant-6,Constant-6,compatible,
sr,pysr,Constant-6,Constant-6,compatible,
sr,llmsr,Constant-6,Constant-6,compatible,
sr,pyoperon,Constant-6,Constant-6,error,ModuleNotFoundError: No module named 'pyoperon'
sr,dscv,Constant-7,Constant-7,compatible,
sr,dso,Constant-7,Constant-7,compatible,
sr,symbolicgpt,Constant-7,Constant-7,compatible,
sr,gplearn,Constant-7,Constant-7,compatible,
sr,physo,Constant-7,Constant-7,compatible,
sr,pysr,Constant-7,Constant-7,compatible,
sr,llmsr,Constant-7,Constant-7,compatible,
sr,pyoperon,Constant-7,Constant-7,error,ModuleNotFoundError: No module named 'pyoperon'
sr,dscv,Constant-8,Constant-8,compatible,
sr,dso,Constant-8,Constant-8,compatible,
sr,symbolicgpt,Constant-8,Constant-8,compatible,
sr,gplearn,Constant-8,Constant-8,compatible,
sr,physo,Constant-8,Constant-8,compatible,
sr,pysr,Constant-8,Constant-8,compatible,
sr,llmsr,Constant-8,Constant-8,compatible,
sr,pyoperon,Constant-8,Constant-8,error,ModuleNotFoundError: No module named 'pyoperon'
sr,dscv,GrammarVAE-1,GrammarVAE-1,compatible,
sr,dso,GrammarVAE-1,GrammarVAE-1,compatible,
sr,symbolicgpt,GrammarVAE-1,GrammarVAE-1,compatible,
sr,gplearn,GrammarVAE-1,GrammarVAE-1,compatible,
sr,physo,GrammarVAE-1,GrammarVAE-1,compatible,
sr,pysr,GrammarVAE-1,GrammarVAE-1,compatible,
sr,llmsr,GrammarVAE-1,GrammarVAE-1,compatible,
sr,pyoperon,GrammarVAE-1,GrammarVAE-1,error,ModuleNotFoundError: No module named 'pyoperon'
sr,dscv,Jin-1,Jin-1,compatible,
sr,dso,Jin-1,Jin-1,compatible,
sr,symbolicgpt,Jin-1,Jin-1,compatible,
sr,gplearn,Jin-1,Jin-1,compatible,
sr,physo,Jin-1,Jin-1,compatible,
sr,pysr,Jin-1,Jin-1,compatible,
sr,llmsr,Jin-1,Jin-1,compatible,
sr,pyoperon,Jin-1,Jin-1,error,ModuleNotFoundError: No module named 'pyoperon'
sr,dscv,Jin-2,Jin-2,compatible,
sr,dso,Jin-2,Jin-2,compatible,
sr,symbolicgpt,Jin-2,Jin-2,compatible,
sr,gplearn,Jin-2,Jin-2,compatible,
sr,physo,Jin-2,Jin-2,compatible,
sr,pysr,Jin-2,Jin-2,compatible,
sr,llmsr,Jin-2,Jin-2,compatible,
sr,pyoperon,Jin-2,Jin-2,error,ModuleNotFoundError: No module named 'pyoperon'
sr,dscv,Jin-3,Jin-3,compatible,
sr,dso,Jin-3,Jin-3,compatible,
sr,symbolicgpt,Jin-3,Jin-3,compatible,
sr,gplearn,Jin-3,Jin-3,compatible,
sr,physo,Jin-3,Jin-3,compatible,
sr,pysr,Jin-3,Jin-3,compatible,
sr,llmsr,Jin-3,Jin-3,compatible,
sr,pyoperon,Jin-3,Jin-3,error,ModuleNotFoundError: No module named 'pyoperon'
sr,dscv,Jin-4,Jin-4,compatible,
sr,dso,Jin-4,Jin-4,compatible,
sr,symbolicgpt,Jin-4,Jin-4,compatible,
sr,gplearn,Jin-4,Jin-4,compatible,
sr,physo,Jin-4,Jin-4,compatible,
sr,pysr,Jin-4,Jin-4,compatible,
sr,llmsr,Jin-4,Jin-4,compatible,
sr,pyoperon,Jin-4,Jin-4,error,ModuleNotFoundError: No module named 'pyoperon'
sr,dscv,Jin-5,Jin-5,compatible,
sr,dso,Jin-5,Jin-5,compatible,
sr,symbolicgpt,Jin-5,Jin-5,compatible,
sr,gplearn,Jin-5,Jin-5,compatible,
sr,physo,Jin-5,Jin-5,compatible,
sr,pysr,Jin-5,Jin-5,compatible,
sr,llmsr,Jin-5,Jin-5,compatible,
sr,pyoperon,Jin-5,Jin-5,error,ModuleNotFoundError: No module named 'pyoperon'
sr,dscv,Jin-6,Jin-6,compatible,
sr,dso,Jin-6,Jin-6,compatible,
sr,symbolicgpt,Jin-6,Jin-6,compatible,
sr,gplearn,Jin-6,Jin-6,compatible,
sr,physo,Jin-6,Jin-6,compatible,
sr,pysr,Jin-6,Jin-6,compatible,
sr,llmsr,Jin-6,Jin-6,compatible,
sr,pyoperon,Jin-6,Jin-6,error,ModuleNotFoundError: No module named 'pyoperon'
sr,dscv,Keijzer-1,Keijzer-1,compatible,
sr,dso,Keijzer-1,Keijzer-1,compatible,
sr,symbolicgpt,Keijzer-1,Keijzer-1,compatible,
sr,gplearn,Keijzer-1,Keijzer-1,compatible,
sr,physo,Keijzer-1,Keijzer-1,compatible,
sr,pysr,Keijzer-1,Keijzer-1,compatible,
sr,llmsr,Keijzer-1,Keijzer-1,compatible,
sr,pyoperon,Keijzer-1,Keijzer-1,error,ModuleNotFoundError: No module named 'pyoperon'
sr,dscv,Keijzer-10,Keijzer-10,compatible,
sr,dso,Keijzer-10,Keijzer-10,compatible,
sr,symbolicgpt,Keijzer-10,Keijzer-10,compatible,
sr,gplearn,Keijzer-10,Keijzer-10,compatible,
sr,physo,Keijzer-10,Keijzer-10,compatible,
sr,pysr,Keijzer-10,Keijzer-10,compatible,
sr,llmsr,Keijzer-10,Keijzer-10,compatible,
sr,pyoperon,Keijzer-10,Keijzer-10,error,ModuleNotFoundError: No module named 'pyoperon'
sr,dscv,Keijzer-11,Keijzer-11,compatible,
sr,dso,Keijzer-11,Keijzer-11,compatible,
sr,symbolicgpt,Keijzer-11,Keijzer-11,compatible,
sr,gplearn,Keijzer-11,Keijzer-11,compatible,
sr,physo,Keijzer-11,Keijzer-11,compatible,
sr,pysr,Keijzer-11,Keijzer-11,compatible,
sr,llmsr,Keijzer-11,Keijzer-11,compatible,
sr,pyoperon,Keijzer-11,Keijzer-11,error,ModuleNotFoundError: No module named 'pyoperon'
sr,dscv,Keijzer-12,Keijzer-12,compatible,
sr,dso,Keijzer-12,Keijzer-12,compatible,
sr,symbolicgpt,Keijzer-12,Keijzer-12,compatible,
sr,gplearn,Keijzer-12,Keijzer-12,compatible,
sr,physo,Keijzer-12,Keijzer-12,compatible,
sr,pysr,Keijzer-12,Keijzer-12,compatible,
sr,llmsr,Keijzer-12,Keijzer-12,compatible,
sr,pyoperon,Keijzer-12,Keijzer-12,error,ModuleNotFoundError: No module named 'pyoperon'
sr,dscv,Keijzer-13,Keijzer-13,compatible,
sr,dso,Keijzer-13,Keijzer-13,compatible,
sr,symbolicgpt,Keijzer-13,Keijzer-13,compatible,
sr,gplearn,Keijzer-13,Keijzer-13,compatible,
sr,physo,Keijzer-13,Keijzer-13,compatible,
sr,pysr,Keijzer-13,Keijzer-13,compatible,
sr,llmsr,Keijzer-13,Keijzer-13,compatible,
sr,pyoperon,Keijzer-13,Keijzer-13,error,ModuleNotFoundError: No module named 'pyoperon'
sr,dscv,Keijzer-14,Keijzer-14,compatible,
sr,dso,Keijzer-14,Keijzer-14,compatible,
sr,symbolicgpt,Keijzer-14,Keijzer-14,compatible,
sr,gplearn,Keijzer-14,Keijzer-14,compatible,
sr,physo,Keijzer-14,Keijzer-14,compatible,
sr,pysr,Keijzer-14,Keijzer-14,compatible,
sr,llmsr,Keijzer-14,Keijzer-14,compatible,
sr,pyoperon,Keijzer-14,Keijzer-14,error,ModuleNotFoundError: No module named 'pyoperon'
sr,dscv,Keijzer-15,Keijzer-15,compatible,
sr,dso,Keijzer-15,Keijzer-15,compatible,
sr,symbolicgpt,Keijzer-15,Keijzer-15,compatible,
sr,gplearn,Keijzer-15,Keijzer-15,compatible,
sr,physo,Keijzer-15,Keijzer-15,compatible,
sr,pysr,Keijzer-15,Keijzer-15,compatible,
sr,llmsr,Keijzer-15,Keijzer-15,compatible,
sr,pyoperon,Keijzer-15,Keijzer-15,error,ModuleNotFoundError: No module named 'pyoperon'
sr,dscv,Keijzer-2,Keijzer-2,compatible,
sr,dso,Keijzer-2,Keijzer-2,compatible,
sr,symbolicgpt,Keijzer-2,Keijzer-2,compatible,
sr,gplearn,Keijzer-2,Keijzer-2,compatible,
sr,physo,Keijzer-2,Keijzer-2,compatible,
sr,pysr,Keijzer-2,Keijzer-2,compatible,
sr,llmsr,Keijzer-2,Keijzer-2,compatible,
sr,pyoperon,Keijzer-2,Keijzer-2,error,ModuleNotFoundError: No module named 'pyoperon'
sr,dscv,Keijzer-3,Keijzer-3,compatible,
sr,dso,Keijzer-3,Keijzer-3,compatible,
sr,symbolicgpt,Keijzer-3,Keijzer-3,compatible,
sr,gplearn,Keijzer-3,Keijzer-3,compatible,
sr,physo,Keijzer-3,Keijzer-3,compatible,
sr,pysr,Keijzer-3,Keijzer-3,compatible,
sr,llmsr,Keijzer-3,Keijzer-3,compatible,
sr,pyoperon,Keijzer-3,Keijzer-3,error,ModuleNotFoundError: No module named 'pyoperon'
sr,dscv,Keijzer-4,Keijzer-4,compatible,
sr,dso,Keijzer-4,Keijzer-4,compatible,
sr,symbolicgpt,Keijzer-4,Keijzer-4,compatible,
sr,gplearn,Keijzer-4,Keijzer-4,compatible,
sr,physo,Keijzer-4,Keijzer-4,compatible,
sr,pysr,Keijzer-4,Keijzer-4,compatible,
sr,llmsr,Keijzer-4,Keijzer-4,compatible,
sr,pyoperon,Keijzer-4,Keijzer-4,error,ModuleNotFoundError: No module named 'pyoperon'
sr,dscv,Keijzer-5,Keijzer-5,compatible,
sr,dso,Keijzer-5,Keijzer-5,compatible,
sr,symbolicgpt,Keijzer-5,Keijzer-5,compatible,
sr,gplearn,Keijzer-5,Keijzer-5,compatible,
sr,physo,Keijzer-5,Keijzer-5,compatible,
sr,pysr,Keijzer-5,Keijzer-5,compatible,
sr,llmsr,Keijzer-5,Keijzer-5,compatible,
sr,pyoperon,Keijzer-5,Keijzer-5,error,ModuleNotFoundError: No module named 'pyoperon'
sr,dscv,Keijzer-6,Keijzer-6,compatible,
sr,dso,Keijzer-6,Keijzer-6,compatible,
sr,symbolicgpt,Keijzer-6,Keijzer-6,compatible,
sr,gplearn,Keijzer-6,Keijzer-6,compatible,
sr,physo,Keijzer-6,Keijzer-6,compatible,
sr,pysr,Keijzer-6,Keijzer-6,compatible,
sr,llmsr,Keijzer-6,Keijzer-6,compatible,
sr,pyoperon,Keijzer-6,Keijzer-6,error,ModuleNotFoundError: No module named 'pyoperon'
sr,dscv,Keijzer-7,Keijzer-7,compatible,
sr,dso,Keijzer-7,Keijzer-7,compatible,
sr,symbolicgpt,Keijzer-7,Keijzer-7,compatible,
sr,gplearn,Keijzer-7,Keijzer-7,compatible,
sr,physo,Keijzer-7,Keijzer-7,compatible,
sr,pysr,Keijzer-7,Keijzer-7,compatible,
sr,llmsr,Keijzer-7,Keijzer-7,compatible,
sr,pyoperon,Keijzer-7,Keijzer-7,error,ModuleNotFoundError: No module named 'pyoperon'
sr,dscv,Keijzer-8,Keijzer-8,compatible,
sr,dso,Keijzer-8,Keijzer-8,compatible,
sr,symbolicgpt,Keijzer-8,Keijzer-8,compatible,
sr,gplearn,Keijzer-8,Keijzer-8,compatible,
sr,physo,Keijzer-8,Keijzer-8,compatible,
sr,pysr,Keijzer-8,Keijzer-8,compatible,
sr,llmsr,Keijzer-8,Keijzer-8,compatible,
sr,pyoperon,Keijzer-8,Keijzer-8,error,ModuleNotFoundError: No module named 'pyoperon'
sr,dscv,Keijzer-9,Keijzer-9,compatible,
sr,dso,Keijzer-9,Keijzer-9,compatible,
sr,symbolicgpt,Keijzer-9,Keijzer-9,compatible,
sr,gplearn,Keijzer-9,Keijzer-9,compatible,
sr,physo,Keijzer-9,Keijzer-9,compatible,
sr,pysr,Keijzer-9,Keijzer-9,compatible,
sr,llmsr,Keijzer-9,Keijzer-9,compatible,
sr,pyoperon,Keijzer-9,Keijzer-9,error,ModuleNotFoundError: No module named 'pyoperon'
sr,dscv,Korns-1,Korns-1,compatible,
sr,dso,Korns-1,Korns-1,compatible,
sr,symbolicgpt,Korns-1,Korns-1,compatible,
sr,gplearn,Korns-1,Korns-1,compatible,
sr,physo,Korns-1,Korns-1,compatible,
sr,pysr,Korns-1,Korns-1,compatible,
sr,llmsr,Korns-1,Korns-1,compatible,
sr,pyoperon,Korns-1,Korns-1,error,ModuleNotFoundError: No module named 'pyoperon'
sr,dscv,Korns-10,Korns-10,compatible,
sr,dso,Korns-10,Korns-10,compatible,
sr,symbolicgpt,Korns-10,Korns-10,compatible,
sr,gplearn,Korns-10,Korns-10,compatible,
sr,physo,Korns-10,Korns-10,compatible,
sr,pysr,Korns-10,Korns-10,compatible,
sr,llmsr,Korns-10,Korns-10,compatible,
sr,pyoperon,Korns-10,Korns-10,error,ModuleNotFoundError: No module named 'pyoperon'
sr,dscv,Korns-11,Korns-11,compatible,
sr,dso,Korns-11,Korns-11,compatible,
sr,symbolicgpt,Korns-11,Korns-11,compatible,
sr,gplearn,Korns-11,Korns-11,compatible,
sr,physo,Korns-11,Korns-11,compatible,
sr,pysr,Korns-11,Korns-11,compatible,
sr,llmsr,Korns-11,Korns-11,compatible,
sr,pyoperon,Korns-11,Korns-11,error,ModuleNotFoundError: No module named 'pyoperon'
sr,dscv,Korns-12,Korns-12,compatible,
sr,dso,Korns-12,Korns-12,compatible,
sr,symbolicgpt,Korns-12,Korns-12,compatible,
sr,gplearn,Korns-12,Korns-12,compatible,
sr,physo,Korns-12,Korns-12,compatible,
sr,pysr,Korns-12,Korns-12,compatible,
sr,llmsr,Korns-12,Korns-12,compatible,
sr,pyoperon,Korns-12,Korns-12,error,ModuleNotFoundError: No module named 'pyoperon'
sr,dscv,Korns-2,Korns-2,compatible,
sr,dso,Korns-2,Korns-2,compatible,
sr,symbolicgpt,Korns-2,Korns-2,compatible,
sr,gplearn,Korns-2,Korns-2,compatible,
sr,physo,Korns-2,Korns-2,compatible,
sr,pysr,Korns-2,Korns-2,compatible,
sr,llmsr,Korns-2,Korns-2,compatible,
sr,pyoperon,Korns-2,Korns-2,error,ModuleNotFoundError: No module named 'pyoperon'
sr,dscv,Korns-3,Korns-3,compatible,
sr,dso,Korns-3,Korns-3,compatible,
sr,symbolicgpt,Korns-3,Korns-3,compatible,
sr,gplearn,Korns-3,Korns-3,compatible,
sr,physo,Korns-3,Korns-3,compatible,
sr,pysr,Korns-3,Korns-3,compatible,
sr,llmsr,Korns-3,Korns-3,compatible,
sr,pyoperon,Korns-3,Korns-3,error,ModuleNotFoundError: No module named 'pyoperon'
sr,dscv,Korns-4,Korns-4,compatible,
sr,dso,Korns-4,Korns-4,compatible,
sr,symbolicgpt,Korns-4,Korns-4,compatible,
sr,gplearn,Korns-4,Korns-4,compatible,
sr,physo,Korns-4,Korns-4,compatible,
sr,pysr,Korns-4,Korns-4,compatible,
sr,llmsr,Korns-4,Korns-4,compatible,
sr,pyoperon,Korns-4,Korns-4,error,ModuleNotFoundError: No module named 'pyoperon'
sr,dscv,Korns-5,Korns-5,compatible,
sr,dso,Korns-5,Korns-5,compatible,
sr,symbolicgpt,Korns-5,Korns-5,compatible,
sr,gplearn,Korns-5,Korns-5,compatible,
sr,physo,Korns-5,Korns-5,compatible,
sr,pysr,Korns-5,Korns-5,compatible,
sr,llmsr,Korns-5,Korns-5,compatible,
sr,pyoperon,Korns-5,Korns-5,error,ModuleNotFoundError: No module named 'pyoperon'
sr,dscv,Korns-6,Korns-6,compatible,
sr,dso,Korns-6,Korns-6,compatible,
sr,symbolicgpt,Korns-6,Korns-6,compatible,
sr,gplearn,Korns-6,Korns-6,compatible,
sr,physo,Korns-6,Korns-6,compatible,
sr,pysr,Korns-6,Korns-6,compatible,
sr,llmsr,Korns-6,Korns-6,compatible,
sr,pyoperon,Korns-6,Korns-6,error,ModuleNotFoundError: No module named 'pyoperon'
sr,dscv,Korns-7,Korns-7,compatible,
sr,dso,Korns-7,Korns-7,compatible,
sr,symbolicgpt,Korns-7,Korns-7,compatible,
sr,gplearn,Korns-7,Korns-7,compatible,
sr,physo,Korns-7,Korns-7,compatible,
sr,pysr,Korns-7,Korns-7,compatible,
sr,llmsr,Korns-7,Korns-7,compatible,
sr,pyoperon,Korns-7,Korns-7,error,ModuleNotFoundError: No module named 'pyoperon'
sr,dscv,Korns-8,Korns-8,compatible,
sr,dso,Korns-8,Korns-8,compatible,
sr,symbolicgpt,Korns-8,Korns-8,compatible,
sr,gplearn,Korns-8,Korns-8,compatible,
sr,physo,Korns-8,Korns-8,compatible,
sr,pysr,Korns-8,Korns-8,compatible,
sr,llmsr,Korns-8,Korns-8,compatible,
sr,pyoperon,Korns-8,Korns-8,error,ModuleNotFoundError: No module named 'pyoperon'
sr,dscv,Korns-9,Korns-9,compatible,
sr,dso,Korns-9,Korns-9,compatible,
sr,symbolicgpt,Korns-9,Korns-9,compatible,
sr,gplearn,Korns-9,Korns-9,compatible,
sr,physo,Korns-9,Korns-9,compatible,
sr,pysr,Korns-9,Korns-9,compatible,
sr,llmsr,Korns-9,Korns-9,compatible,
sr,pyoperon,Korns-9,Korns-9,error,ModuleNotFoundError: No module named 'pyoperon'
sr,dscv,Koza-2,Koza-2,compatible,
sr,dso,Koza-2,Koza-2,compatible,
sr,symbolicgpt,Koza-2,Koza-2,compatible,
sr,gplearn,Koza-2,Koza-2,compatible,
sr,physo,Koza-2,Koza-2,compatible,
sr,pysr,Koza-2,Koza-2,compatible,
sr,llmsr,Koza-2,Koza-2,compatible,
sr,pyoperon,Koza-2,Koza-2,error,ModuleNotFoundError: No module named 'pyoperon'
sr,dscv,Koza-3,Koza-3,compatible,
sr,dso,Koza-3,Koza-3,compatible,
sr,symbolicgpt,Koza-3,Koza-3,compatible,
sr,gplearn,Koza-3,Koza-3,compatible,
sr,physo,Koza-3,Koza-3,compatible,
sr,pysr,Koza-3,Koza-3,compatible,
sr,llmsr,Koza-3,Koza-3,compatible,
sr,pyoperon,Koza-3,Koza-3,error,ModuleNotFoundError: No module named 'pyoperon'
sr,dscv,Livermore-1,Livermore-1,compatible,
sr,dso,Livermore-1,Livermore-1,compatible,
sr,symbolicgpt,Livermore-1,Livermore-1,compatible,
sr,gplearn,Livermore-1,Livermore-1,compatible,
sr,physo,Livermore-1,Livermore-1,compatible,
sr,pysr,Livermore-1,Livermore-1,compatible,
sr,llmsr,Livermore-1,Livermore-1,compatible,
sr,pyoperon,Livermore-1,Livermore-1,error,ModuleNotFoundError: No module named 'pyoperon'
sr,dscv,Livermore-10,Livermore-10,compatible,
sr,dso,Livermore-10,Livermore-10,compatible,
sr,symbolicgpt,Livermore-10,Livermore-10,compatible,
sr,gplearn,Livermore-10,Livermore-10,compatible,
sr,physo,Livermore-10,Livermore-10,compatible,
sr,pysr,Livermore-10,Livermore-10,compatible,
sr,llmsr,Livermore-10,Livermore-10,compatible,
sr,pyoperon,Livermore-10,Livermore-10,error,ModuleNotFoundError: No module named 'pyoperon'
sr,dscv,Livermore-11,Livermore-11,compatible,
sr,dso,Livermore-11,Livermore-11,compatible,
sr,symbolicgpt,Livermore-11,Livermore-11,compatible,
sr,gplearn,Livermore-11,Livermore-11,compatible,
sr,physo,Livermore-11,Livermore-11,compatible,
sr,pysr,Livermore-11,Livermore-11,compatible,
sr,llmsr,Livermore-11,Livermore-11,compatible,
sr,pyoperon,Livermore-11,Livermore-11,error,ModuleNotFoundError: No module named 'pyoperon'
sr,dscv,Livermore-12,Livermore-12,compatible,
sr,dso,Livermore-12,Livermore-12,compatible,
sr,symbolicgpt,Livermore-12,Livermore-12,compatible,
sr,gplearn,Livermore-12,Livermore-12,compatible,
sr,physo,Livermore-12,Livermore-12,compatible,
sr,pysr,Livermore-12,Livermore-12,compatible,
sr,llmsr,Livermore-12,Livermore-12,compatible,
sr,pyoperon,Livermore-12,Livermore-12,error,ModuleNotFoundError: No module named 'pyoperon'
sr,dscv,Livermore-13,Livermore-13,compatible,
sr,dso,Livermore-13,Livermore-13,compatible,
sr,symbolicgpt,Livermore-13,Livermore-13,compatible,
sr,gplearn,Livermore-13,Livermore-13,compatible,
sr,physo,Livermore-13,Livermore-13,compatible,
sr,pysr,Livermore-13,Livermore-13,compatible,
sr,llmsr,Livermore-13,Livermore-13,compatible,
sr,pyoperon,Livermore-13,Livermore-13,error,ModuleNotFoundError: No module named 'pyoperon'
sr,dscv,Livermore-14,Livermore-14,compatible,
sr,dso,Livermore-14,Livermore-14,compatible,
sr,symbolicgpt,Livermore-14,Livermore-14,compatible,
sr,gplearn,Livermore-14,Livermore-14,compatible,
sr,physo,Livermore-14,Livermore-14,compatible,
sr,pysr,Livermore-14,Livermore-14,compatible,
sr,llmsr,Livermore-14,Livermore-14,compatible,
sr,pyoperon,Livermore-14,Livermore-14,error,ModuleNotFoundError: No module named 'pyoperon'
sr,dscv,Livermore-15,Livermore-15,compatible,
sr,dso,Livermore-15,Livermore-15,compatible,
sr,symbolicgpt,Livermore-15,Livermore-15,compatible,
sr,gplearn,Livermore-15,Livermore-15,compatible,
sr,physo,Livermore-15,Livermore-15,compatible,
sr,pysr,Livermore-15,Livermore-15,compatible,
sr,llmsr,Livermore-15,Livermore-15,compatible,
sr,pyoperon,Livermore-15,Livermore-15,error,ModuleNotFoundError: No module named 'pyoperon'
sr,dscv,Livermore-16,Livermore-16,compatible,
sr,dso,Livermore-16,Livermore-16,compatible,
sr,symbolicgpt,Livermore-16,Livermore-16,compatible,
sr,gplearn,Livermore-16,Livermore-16,compatible,
sr,physo,Livermore-16,Livermore-16,compatible,
sr,pysr,Livermore-16,Livermore-16,compatible,
sr,llmsr,Livermore-16,Livermore-16,compatible,
sr,pyoperon,Livermore-16,Livermore-16,error,ModuleNotFoundError: No module named 'pyoperon'
sr,dscv,Livermore-17,Livermore-17,compatible,
sr,dso,Livermore-17,Livermore-17,compatible,
sr,symbolicgpt,Livermore-17,Livermore-17,compatible,
sr,gplearn,Livermore-17,Livermore-17,compatible,
sr,physo,Livermore-17,Livermore-17,compatible,
sr,pysr,Livermore-17,Livermore-17,compatible,
sr,llmsr,Livermore-17,Livermore-17,compatible,
sr,pyoperon,Livermore-17,Livermore-17,error,ModuleNotFoundError: No module named 'pyoperon'
sr,dscv,Livermore-18,Livermore-18,compatible,
sr,dso,Livermore-18,Livermore-18,compatible,
sr,symbolicgpt,Livermore-18,Livermore-18,compatible,
sr,gplearn,Livermore-18,Livermore-18,compatible,
sr,physo,Livermore-18,Livermore-18,compatible,
sr,pysr,Livermore-18,Livermore-18,compatible,
sr,llmsr,Livermore-18,Livermore-18,compatible,
sr,pyoperon,Livermore-18,Livermore-18,error,ModuleNotFoundError: No module named 'pyoperon'
sr,dscv,Livermore-19,Livermore-19,compatible,
sr,dso,Livermore-19,Livermore-19,compatible,
sr,symbolicgpt,Livermore-19,Livermore-19,compatible,
sr,gplearn,Livermore-19,Livermore-19,compatible,
sr,physo,Livermore-19,Livermore-19,compatible,
sr,pysr,Livermore-19,Livermore-19,compatible,
sr,llmsr,Livermore-19,Livermore-19,compatible,
sr,pyoperon,Livermore-19,Livermore-19,error,ModuleNotFoundError: No module named 'pyoperon'
sr,dscv,Livermore-2,Livermore-2,compatible,
sr,dso,Livermore-2,Livermore-2,compatible,
sr,symbolicgpt,Livermore-2,Livermore-2,compatible,
sr,gplearn,Livermore-2,Livermore-2,compatible,
sr,physo,Livermore-2,Livermore-2,compatible,
sr,pysr,Livermore-2,Livermore-2,compatible,
sr,llmsr,Livermore-2,Livermore-2,compatible,
sr,pyoperon,Livermore-2,Livermore-2,error,ModuleNotFoundError: No module named 'pyoperon'
sr,dscv,Livermore-20,Livermore-20,compatible,
sr,dso,Livermore-20,Livermore-20,compatible,
sr,symbolicgpt,Livermore-20,Livermore-20,compatible,
sr,gplearn,Livermore-20,Livermore-20,compatible,
sr,physo,Livermore-20,Livermore-20,compatible,
sr,pysr,Livermore-20,Livermore-20,compatible,
sr,llmsr,Livermore-20,Livermore-20,compatible,
sr,pyoperon,Livermore-20,Livermore-20,error,ModuleNotFoundError: No module named 'pyoperon'
sr,dscv,Livermore-21,Livermore-21,compatible,
sr,dso,Livermore-21,Livermore-21,compatible,
sr,symbolicgpt,Livermore-21,Livermore-21,compatible,
sr,gplearn,Livermore-21,Livermore-21,compatible,
sr,physo,Livermore-21,Livermore-21,compatible,
sr,pysr,Livermore-21,Livermore-21,compatible,
sr,llmsr,Livermore-21,Livermore-21,compatible,
sr,pyoperon,Livermore-21,Livermore-21,error,ModuleNotFoundError: No module named 'pyoperon'
sr,dscv,Livermore-22,Livermore-22,compatible,
sr,dso,Livermore-22,Livermore-22,compatible,
sr,symbolicgpt,Livermore-22,Livermore-22,compatible,
sr,gplearn,Livermore-22,Livermore-22,compatible,
sr,physo,Livermore-22,Livermore-22,compatible,
sr,pysr,Livermore-22,Livermore-22,compatible,
sr,llmsr,Livermore-22,Livermore-22,compatible,
sr,pyoperon,Livermore-22,Livermore-22,error,ModuleNotFoundError: No module named 'pyoperon'
sr,dscv,Livermore-23,Livermore-23,compatible,
sr,dso,Livermore-23,Livermore-23,compatible,
sr,symbolicgpt,Livermore-23,Livermore-23,compatible,
sr,gplearn,Livermore-23,Livermore-23,compatible,
sr,physo,Livermore-23,Livermore-23,compatible,
sr,pysr,Livermore-23,Livermore-23,compatible,
sr,llmsr,Livermore-23,Livermore-23,compatible,
sr,pyoperon,Livermore-23,Livermore-23,error,ModuleNotFoundError: No module named 'pyoperon'
sr,dscv,Livermore-3,Livermore-3,compatible,
sr,dso,Livermore-3,Livermore-3,compatible,
sr,symbolicgpt,Livermore-3,Livermore-3,compatible,
sr,gplearn,Livermore-3,Livermore-3,compatible,
sr,physo,Livermore-3,Livermore-3,compatible,
sr,pysr,Livermore-3,Livermore-3,compatible,
sr,llmsr,Livermore-3,Livermore-3,compatible,
sr,pyoperon,Livermore-3,Livermore-3,error,ModuleNotFoundError: No module named 'pyoperon'
sr,dscv,Livermore-4,Livermore-4,compatible,
sr,dso,Livermore-4,Livermore-4,compatible,
sr,symbolicgpt,Livermore-4,Livermore-4,compatible,
sr,gplearn,Livermore-4,Livermore-4,compatible,
sr,physo,Livermore-4,Livermore-4,compatible,
sr,pysr,Livermore-4,Livermore-4,compatible,
sr,llmsr,Livermore-4,Livermore-4,compatible,
sr,pyoperon,Livermore-4,Livermore-4,error,ModuleNotFoundError: No module named 'pyoperon'
sr,dscv,Livermore-5,Livermore-5,compatible,
sr,dso,Livermore-5,Livermore-5,compatible,
sr,symbolicgpt,Livermore-5,Livermore-5,compatible,
sr,gplearn,Livermore-5,Livermore-5,compatible,
sr,physo,Livermore-5,Livermore-5,compatible,
sr,pysr,Livermore-5,Livermore-5,compatible,
sr,llmsr,Livermore-5,Livermore-5,compatible,
sr,pyoperon,Livermore-5,Livermore-5,error,ModuleNotFoundError: No module named 'pyoperon'
sr,dscv,Livermore-6,Livermore-6,compatible,
sr,dso,Livermore-6,Livermore-6,compatible,
sr,symbolicgpt,Livermore-6,Livermore-6,compatible,
sr,gplearn,Livermore-6,Livermore-6,compatible,
sr,physo,Livermore-6,Livermore-6,compatible,
sr,pysr,Livermore-6,Livermore-6,compatible,
sr,llmsr,Livermore-6,Livermore-6,compatible,
sr,pyoperon,Livermore-6,Livermore-6,error,ModuleNotFoundError: No module named 'pyoperon'
sr,dscv,Livermore-7,Livermore-7,compatible,
sr,dso,Livermore-7,Livermore-7,compatible,
sr,symbolicgpt,Livermore-7,Livermore-7,compatible,
sr,gplearn,Livermore-7,Livermore-7,compatible,
sr,physo,Livermore-7,Livermore-7,compatible,
sr,pysr,Livermore-7,Livermore-7,compatible,
sr,llmsr,Livermore-7,Livermore-7,compatible,
sr,pyoperon,Livermore-7,Livermore-7,error,ModuleNotFoundError: No module named 'pyoperon'
sr,dscv,Livermore-7a,Livermore-7a,compatible,
sr,dso,Livermore-7a,Livermore-7a,compatible,
sr,symbolicgpt,Livermore-7a,Livermore-7a,compatible,
sr,gplearn,Livermore-7a,Livermore-7a,compatible,
sr,physo,Livermore-7a,Livermore-7a,compatible,
sr,pysr,Livermore-7a,Livermore-7a,compatible,
sr,llmsr,Livermore-7a,Livermore-7a,compatible,
sr,pyoperon,Livermore-7a,Livermore-7a,error,ModuleNotFoundError: No module named 'pyoperon'
sr,dscv,Livermore-8,Livermore-8,compatible,
sr,dso,Livermore-8,Livermore-8,compatible,
sr,symbolicgpt,Livermore-8,Livermore-8,compatible,
sr,gplearn,Livermore-8,Livermore-8,compatible,
sr,physo,Livermore-8,Livermore-8,compatible,
sr,pysr,Livermore-8,Livermore-8,compatible,
sr,llmsr,Livermore-8,Livermore-8,compatible,
sr,pyoperon,Livermore-8,Livermore-8,error,ModuleNotFoundError: No module named 'pyoperon'
sr,dscv,Livermore-8a,Livermore-8a,compatible,
sr,dso,Livermore-8a,Livermore-8a,compatible,
sr,symbolicgpt,Livermore-8a,Livermore-8a,compatible,
sr,gplearn,Livermore-8a,Livermore-8a,compatible,
sr,physo,Livermore-8a,Livermore-8a,compatible,
sr,pysr,Livermore-8a,Livermore-8a,compatible,
sr,llmsr,Livermore-8a,Livermore-8a,compatible,
sr,pyoperon,Livermore-8a,Livermore-8a,error,ModuleNotFoundError: No module named 'pyoperon'
sr,dscv,Livermore-9,Livermore-9,compatible,
sr,dso,Livermore-9,Livermore-9,compatible,
sr,symbolicgpt,Livermore-9,Livermore-9,compatible,
sr,gplearn,Livermore-9,Livermore-9,compatible,
sr,physo,Livermore-9,Livermore-9,compatible,
sr,pysr,Livermore-9,Livermore-9,compatible,
sr,llmsr,Livermore-9,Livermore-9,compatible,
sr,pyoperon,Livermore-9,Livermore-9,error,ModuleNotFoundError: No module named 'pyoperon'
sr,dscv,Livermore2-Vars2-1,Livermore2-Vars2-1,compatible,
sr,dso,Livermore2-Vars2-1,Livermore2-Vars2-1,compatible,
sr,symbolicgpt,Livermore2-Vars2-1,Livermore2-Vars2-1,compatible,
sr,gplearn,Livermore2-Vars2-1,Livermore2-Vars2-1,compatible,
sr,physo,Livermore2-Vars2-1,Livermore2-Vars2-1,compatible,
sr,pysr,Livermore2-Vars2-1,Livermore2-Vars2-1,compatible,
sr,llmsr,Livermore2-Vars2-1,Livermore2-Vars2-1,compatible,
sr,pyoperon,Livermore2-Vars2-1,Livermore2-Vars2-1,error,ModuleNotFoundError: No module named 'pyoperon'
sr,dscv,Livermore2-Vars2-10,Livermore2-Vars2-10,compatible,
sr,dso,Livermore2-Vars2-10,Livermore2-Vars2-10,compatible,
sr,symbolicgpt,Livermore2-Vars2-10,Livermore2-Vars2-10,compatible,
sr,gplearn,Livermore2-Vars2-10,Livermore2-Vars2-10,compatible,
sr,physo,Livermore2-Vars2-10,Livermore2-Vars2-10,compatible,
sr,pysr,Livermore2-Vars2-10,Livermore2-Vars2-10,compatible,
sr,llmsr,Livermore2-Vars2-10,Livermore2-Vars2-10,compatible,
sr,pyoperon,Livermore2-Vars2-10,Livermore2-Vars2-10,error,ModuleNotFoundError: No module named 'pyoperon'
sr,dscv,Livermore2-Vars2-11,Livermore2-Vars2-11,compatible,
sr,dso,Livermore2-Vars2-11,Livermore2-Vars2-11,compatible,
sr,symbolicgpt,Livermore2-Vars2-11,Livermore2-Vars2-11,compatible,
sr,gplearn,Livermore2-Vars2-11,Livermore2-Vars2-11,compatible,
sr,physo,Livermore2-Vars2-11,Livermore2-Vars2-11,compatible,
sr,pysr,Livermore2-Vars2-11,Livermore2-Vars2-11,compatible,
sr,llmsr,Livermore2-Vars2-11,Livermore2-Vars2-11,compatible,
sr,pyoperon,Livermore2-Vars2-11,Livermore2-Vars2-11,error,ModuleNotFoundError: No module named 'pyoperon'
sr,dscv,Livermore2-Vars2-12,Livermore2-Vars2-12,compatible,
sr,dso,Livermore2-Vars2-12,Livermore2-Vars2-12,compatible,
sr,symbolicgpt,Livermore2-Vars2-12,Livermore2-Vars2-12,compatible,
sr,gplearn,Livermore2-Vars2-12,Livermore2-Vars2-12,compatible,
sr,physo,Livermore2-Vars2-12,Livermore2-Vars2-12,compatible,
sr,pysr,Livermore2-Vars2-12,Livermore2-Vars2-12,compatible,
sr,llmsr,Livermore2-Vars2-12,Livermore2-Vars2-12,compatible,
sr,pyoperon,Livermore2-Vars2-12,Livermore2-Vars2-12,error,ModuleNotFoundError: No module named 'pyoperon'
sr,dscv,Livermore2-Vars2-13,Livermore2-Vars2-13,compatible,
sr,dso,Livermore2-Vars2-13,Livermore2-Vars2-13,compatible,
sr,symbolicgpt,Livermore2-Vars2-13,Livermore2-Vars2-13,compatible,
sr,gplearn,Livermore2-Vars2-13,Livermore2-Vars2-13,compatible,
sr,physo,Livermore2-Vars2-13,Livermore2-Vars2-13,compatible,
sr,pysr,Livermore2-Vars2-13,Livermore2-Vars2-13,compatible,
sr,llmsr,Livermore2-Vars2-13,Livermore2-Vars2-13,compatible,
sr,pyoperon,Livermore2-Vars2-13,Livermore2-Vars2-13,error,ModuleNotFoundError: No module named 'pyoperon'
sr,dscv,Livermore2-Vars2-14,Livermore2-Vars2-14,compatible,
sr,dso,Livermore2-Vars2-14,Livermore2-Vars2-14,compatible,
sr,symbolicgpt,Livermore2-Vars2-14,Livermore2-Vars2-14,compatible,
sr,gplearn,Livermore2-Vars2-14,Livermore2-Vars2-14,compatible,
sr,physo,Livermore2-Vars2-14,Livermore2-Vars2-14,compatible,
sr,pysr,Livermore2-Vars2-14,Livermore2-Vars2-14,compatible,
sr,llmsr,Livermore2-Vars2-14,Livermore2-Vars2-14,compatible,
sr,pyoperon,Livermore2-Vars2-14,Livermore2-Vars2-14,error,ModuleNotFoundError: No module named 'pyoperon'
sr,dscv,Livermore2-Vars2-15,Livermore2-Vars2-15,compatible,
sr,dso,Livermore2-Vars2-15,Livermore2-Vars2-15,compatible,
sr,symbolicgpt,Livermore2-Vars2-15,Livermore2-Vars2-15,compatible,
sr,gplearn,Livermore2-Vars2-15,Livermore2-Vars2-15,compatible,
sr,physo,Livermore2-Vars2-15,Livermore2-Vars2-15,compatible,
sr,pysr,Livermore2-Vars2-15,Livermore2-Vars2-15,compatible,
sr,llmsr,Livermore2-Vars2-15,Livermore2-Vars2-15,compatible,
sr,pyoperon,Livermore2-Vars2-15,Livermore2-Vars2-15,error,ModuleNotFoundError: No module named 'pyoperon'
sr,dscv,Livermore2-Vars2-16,Livermore2-Vars2-16,compatible,
sr,dso,Livermore2-Vars2-16,Livermore2-Vars2-16,compatible,
sr,symbolicgpt,Livermore2-Vars2-16,Livermore2-Vars2-16,compatible,
sr,gplearn,Livermore2-Vars2-16,Livermore2-Vars2-16,compatible,
sr,physo,Livermore2-Vars2-16,Livermore2-Vars2-16,compatible,
sr,pysr,Livermore2-Vars2-16,Livermore2-Vars2-16,compatible,
sr,llmsr,Livermore2-Vars2-16,Livermore2-Vars2-16,compatible,
sr,pyoperon,Livermore2-Vars2-16,Livermore2-Vars2-16,error,ModuleNotFoundError: No module named 'pyoperon'
sr,dscv,Livermore2-Vars2-17,Livermore2-Vars2-17,compatible,
sr,dso,Livermore2-Vars2-17,Livermore2-Vars2-17,compatible,
sr,symbolicgpt,Livermore2-Vars2-17,Livermore2-Vars2-17,compatible,
sr,gplearn,Livermore2-Vars2-17,Livermore2-Vars2-17,compatible,
sr,physo,Livermore2-Vars2-17,Livermore2-Vars2-17,compatible,
sr,pysr,Livermore2-Vars2-17,Livermore2-Vars2-17,compatible,
sr,llmsr,Livermore2-Vars2-17,Livermore2-Vars2-17,compatible,
sr,pyoperon,Livermore2-Vars2-17,Livermore2-Vars2-17,error,ModuleNotFoundError: No module named 'pyoperon'
sr,dscv,Livermore2-Vars2-18,Livermore2-Vars2-18,compatible,
sr,dso,Livermore2-Vars2-18,Livermore2-Vars2-18,compatible,
sr,symbolicgpt,Livermore2-Vars2-18,Livermore2-Vars2-18,compatible,
sr,gplearn,Livermore2-Vars2-18,Livermore2-Vars2-18,compatible,
sr,physo,Livermore2-Vars2-18,Livermore2-Vars2-18,compatible,
sr,pysr,Livermore2-Vars2-18,Livermore2-Vars2-18,compatible,
sr,llmsr,Livermore2-Vars2-18,Livermore2-Vars2-18,compatible,
sr,pyoperon,Livermore2-Vars2-18,Livermore2-Vars2-18,error,ModuleNotFoundError: No module named 'pyoperon'
sr,dscv,Livermore2-Vars2-19,Livermore2-Vars2-19,compatible,
sr,dso,Livermore2-Vars2-19,Livermore2-Vars2-19,compatible,
sr,symbolicgpt,Livermore2-Vars2-19,Livermore2-Vars2-19,compatible,
sr,gplearn,Livermore2-Vars2-19,Livermore2-Vars2-19,compatible,
sr,physo,Livermore2-Vars2-19,Livermore2-Vars2-19,compatible,
sr,pysr,Livermore2-Vars2-19,Livermore2-Vars2-19,compatible,
sr,llmsr,Livermore2-Vars2-19,Livermore2-Vars2-19,compatible,
sr,pyoperon,Livermore2-Vars2-19,Livermore2-Vars2-19,error,ModuleNotFoundError: No module named 'pyoperon'
sr,dscv,Livermore2-Vars2-2,Livermore2-Vars2-2,compatible,
sr,dso,Livermore2-Vars2-2,Livermore2-Vars2-2,compatible,
sr,symbolicgpt,Livermore2-Vars2-2,Livermore2-Vars2-2,compatible,
sr,gplearn,Livermore2-Vars2-2,Livermore2-Vars2-2,compatible,
sr,physo,Livermore2-Vars2-2,Livermore2-Vars2-2,compatible,
sr,pysr,Livermore2-Vars2-2,Livermore2-Vars2-2,compatible,
sr,llmsr,Livermore2-Vars2-2,Livermore2-Vars2-2,compatible,
sr,pyoperon,Livermore2-Vars2-2,Livermore2-Vars2-2,error,ModuleNotFoundError: No module named 'pyoperon'
sr,dscv,Livermore2-Vars2-20,Livermore2-Vars2-20,compatible,
sr,dso,Livermore2-Vars2-20,Livermore2-Vars2-20,compatible,
sr,symbolicgpt,Livermore2-Vars2-20,Livermore2-Vars2-20,compatible,
sr,gplearn,Livermore2-Vars2-20,Livermore2-Vars2-20,compatible,
sr,physo,Livermore2-Vars2-20,Livermore2-Vars2-20,compatible,
sr,pysr,Livermore2-Vars2-20,Livermore2-Vars2-20,compatible,
sr,llmsr,Livermore2-Vars2-20,Livermore2-Vars2-20,compatible,
sr,pyoperon,Livermore2-Vars2-20,Livermore2-Vars2-20,error,ModuleNotFoundError: No module named 'pyoperon'
sr,dscv,Livermore2-Vars2-21,Livermore2-Vars2-21,compatible,
sr,dso,Livermore2-Vars2-21,Livermore2-Vars2-21,compatible,
sr,symbolicgpt,Livermore2-Vars2-21,Livermore2-Vars2-21,compatible,
sr,gplearn,Livermore2-Vars2-21,Livermore2-Vars2-21,compatible,
sr,physo,Livermore2-Vars2-21,Livermore2-Vars2-21,compatible,
sr,pysr,Livermore2-Vars2-21,Livermore2-Vars2-21,compatible,
sr,llmsr,Livermore2-Vars2-21,Livermore2-Vars2-21,compatible,
sr,pyoperon,Livermore2-Vars2-21,Livermore2-Vars2-21,error,ModuleNotFoundError: No module named 'pyoperon'
sr,dscv,Livermore2-Vars2-22,Livermore2-Vars2-22,compatible,
sr,dso,Livermore2-Vars2-22,Livermore2-Vars2-22,compatible,
sr,symbolicgpt,Livermore2-Vars2-22,Livermore2-Vars2-22,compatible,
sr,gplearn,Livermore2-Vars2-22,Livermore2-Vars2-22,compatible,
sr,physo,Livermore2-Vars2-22,Livermore2-Vars2-22,compatible,
sr,pysr,Livermore2-Vars2-22,Livermore2-Vars2-22,compatible,
sr,llmsr,Livermore2-Vars2-22,Livermore2-Vars2-22,compatible,
sr,pyoperon,Livermore2-Vars2-22,Livermore2-Vars2-22,error,ModuleNotFoundError: No module named 'pyoperon'
sr,dscv,Livermore2-Vars2-23,Livermore2-Vars2-23,compatible,
sr,dso,Livermore2-Vars2-23,Livermore2-Vars2-23,compatible,
sr,symbolicgpt,Livermore2-Vars2-23,Livermore2-Vars2-23,compatible,
sr,gplearn,Livermore2-Vars2-23,Livermore2-Vars2-23,compatible,
sr,physo,Livermore2-Vars2-23,Livermore2-Vars2-23,compatible,
sr,pysr,Livermore2-Vars2-23,Livermore2-Vars2-23,compatible,
sr,llmsr,Livermore2-Vars2-23,Livermore2-Vars2-23,compatible,
sr,pyoperon,Livermore2-Vars2-23,Livermore2-Vars2-23,error,ModuleNotFoundError: No module named 'pyoperon'
sr,dscv,Livermore2-Vars2-24,Livermore2-Vars2-24,compatible,
sr,dso,Livermore2-Vars2-24,Livermore2-Vars2-24,compatible,
sr,symbolicgpt,Livermore2-Vars2-24,Livermore2-Vars2-24,compatible,
sr,gplearn,Livermore2-Vars2-24,Livermore2-Vars2-24,compatible,
sr,physo,Livermore2-Vars2-24,Livermore2-Vars2-24,compatible,
sr,pysr,Livermore2-Vars2-24,Livermore2-Vars2-24,compatible,
sr,llmsr,Livermore2-Vars2-24,Livermore2-Vars2-24,compatible,
sr,pyoperon,Livermore2-Vars2-24,Livermore2-Vars2-24,error,ModuleNotFoundError: No module named 'pyoperon'
sr,dscv,Livermore2-Vars2-25,Livermore2-Vars2-25,compatible,
sr,dso,Livermore2-Vars2-25,Livermore2-Vars2-25,compatible,
sr,symbolicgpt,Livermore2-Vars2-25,Livermore2-Vars2-25,compatible,
sr,gplearn,Livermore2-Vars2-25,Livermore2-Vars2-25,compatible,
sr,physo,Livermore2-Vars2-25,Livermore2-Vars2-25,compatible,
sr,pysr,Livermore2-Vars2-25,Livermore2-Vars2-25,compatible,
sr,llmsr,Livermore2-Vars2-25,Livermore2-Vars2-25,compatible,
sr,pyoperon,Livermore2-Vars2-25,Livermore2-Vars2-25,error,ModuleNotFoundError: No module named 'pyoperon'
sr,dscv,Livermore2-Vars2-3,Livermore2-Vars2-3,compatible,
sr,dso,Livermore2-Vars2-3,Livermore2-Vars2-3,compatible,
sr,symbolicgpt,Livermore2-Vars2-3,Livermore2-Vars2-3,compatible,
sr,gplearn,Livermore2-Vars2-3,Livermore2-Vars2-3,compatible,
sr,physo,Livermore2-Vars2-3,Livermore2-Vars2-3,compatible,
sr,pysr,Livermore2-Vars2-3,Livermore2-Vars2-3,compatible,
sr,llmsr,Livermore2-Vars2-3,Livermore2-Vars2-3,compatible,
sr,pyoperon,Livermore2-Vars2-3,Livermore2-Vars2-3,error,ModuleNotFoundError: No module named 'pyoperon'
sr,dscv,Livermore2-Vars2-4,Livermore2-Vars2-4,compatible,
sr,dso,Livermore2-Vars2-4,Livermore2-Vars2-4,compatible,
sr,symbolicgpt,Livermore2-Vars2-4,Livermore2-Vars2-4,compatible,
sr,gplearn,Livermore2-Vars2-4,Livermore2-Vars2-4,compatible,
sr,physo,Livermore2-Vars2-4,Livermore2-Vars2-4,compatible,
sr,pysr,Livermore2-Vars2-4,Livermore2-Vars2-4,compatible,
sr,llmsr,Livermore2-Vars2-4,Livermore2-Vars2-4,compatible,
sr,pyoperon,Livermore2-Vars2-4,Livermore2-Vars2-4,error,ModuleNotFoundError: No module named 'pyoperon'
sr,dscv,Livermore2-Vars2-5,Livermore2-Vars2-5,compatible,
sr,dso,Livermore2-Vars2-5,Livermore2-Vars2-5,compatible,
sr,symbolicgpt,Livermore2-Vars2-5,Livermore2-Vars2-5,compatible,
sr,gplearn,Livermore2-Vars2-5,Livermore2-Vars2-5,compatible,
sr,physo,Livermore2-Vars2-5,Livermore2-Vars2-5,compatible,
sr,pysr,Livermore2-Vars2-5,Livermore2-Vars2-5,compatible,
sr,llmsr,Livermore2-Vars2-5,Livermore2-Vars2-5,compatible,
sr,pyoperon,Livermore2-Vars2-5,Livermore2-Vars2-5,error,ModuleNotFoundError: No module named 'pyoperon'
sr,dscv,Livermore2-Vars2-6,Livermore2-Vars2-6,compatible,
sr,dso,Livermore2-Vars2-6,Livermore2-Vars2-6,compatible,
sr,symbolicgpt,Livermore2-Vars2-6,Livermore2-Vars2-6,compatible,
sr,gplearn,Livermore2-Vars2-6,Livermore2-Vars2-6,compatible,
sr,physo,Livermore2-Vars2-6,Livermore2-Vars2-6,compatible,
sr,pysr,Livermore2-Vars2-6,Livermore2-Vars2-6,compatible,
sr,llmsr,Livermore2-Vars2-6,Livermore2-Vars2-6,compatible,
sr,pyoperon,Livermore2-Vars2-6,Livermore2-Vars2-6,error,ModuleNotFoundError: No module named 'pyoperon'
sr,dscv,Livermore2-Vars2-7,Livermore2-Vars2-7,compatible,
sr,dso,Livermore2-Vars2-7,Livermore2-Vars2-7,compatible,
sr,symbolicgpt,Livermore2-Vars2-7,Livermore2-Vars2-7,compatible,
sr,gplearn,Livermore2-Vars2-7,Livermore2-Vars2-7,compatible,
sr,physo,Livermore2-Vars2-7,Livermore2-Vars2-7,compatible,
sr,pysr,Livermore2-Vars2-7,Livermore2-Vars2-7,compatible,
sr,llmsr,Livermore2-Vars2-7,Livermore2-Vars2-7,compatible,
sr,pyoperon,Livermore2-Vars2-7,Livermore2-Vars2-7,error,ModuleNotFoundError: No module named 'pyoperon'
sr,dscv,Livermore2-Vars2-8,Livermore2-Vars2-8,compatible,
sr,dso,Livermore2-Vars2-8,Livermore2-Vars2-8,compatible,
sr,symbolicgpt,Livermore2-Vars2-8,Livermore2-Vars2-8,compatible,
sr,gplearn,Livermore2-Vars2-8,Livermore2-Vars2-8,compatible,
sr,physo,Livermore2-Vars2-8,Livermore2-Vars2-8,compatible,
sr,pysr,Livermore2-Vars2-8,Livermore2-Vars2-8,compatible,
sr,llmsr,Livermore2-Vars2-8,Livermore2-Vars2-8,compatible,
sr,pyoperon,Livermore2-Vars2-8,Livermore2-Vars2-8,error,ModuleNotFoundError: No module named 'pyoperon'
sr,dscv,Livermore2-Vars2-9,Livermore2-Vars2-9,compatible,
sr,dso,Livermore2-Vars2-9,Livermore2-Vars2-9,compatible,
sr,symbolicgpt,Livermore2-Vars2-9,Livermore2-Vars2-9,compatible,
sr,gplearn,Livermore2-Vars2-9,Livermore2-Vars2-9,compatible,
sr,physo,Livermore2-Vars2-9,Livermore2-Vars2-9,compatible,
sr,pysr,Livermore2-Vars2-9,Livermore2-Vars2-9,compatible,
sr,llmsr,Livermore2-Vars2-9,Livermore2-Vars2-9,compatible,
sr,pyoperon,Livermore2-Vars2-9,Livermore2-Vars2-9,error,ModuleNotFoundError: No module named 'pyoperon'
sr,dscv,Livermore2-Vars3-1,Livermore2-Vars3-1,compatible,
sr,dso,Livermore2-Vars3-1,Livermore2-Vars3-1,compatible,
sr,symbolicgpt,Livermore2-Vars3-1,Livermore2-Vars3-1,compatible,
sr,gplearn,Livermore2-Vars3-1,Livermore2-Vars3-1,compatible,
sr,physo,Livermore2-Vars3-1,Livermore2-Vars3-1,compatible,
sr,pysr,Livermore2-Vars3-1,Livermore2-Vars3-1,compatible,
sr,llmsr,Livermore2-Vars3-1,Livermore2-Vars3-1,compatible,
sr,pyoperon,Livermore2-Vars3-1,Livermore2-Vars3-1,error,ModuleNotFoundError: No module named 'pyoperon'
sr,dscv,Livermore2-Vars3-10,Livermore2-Vars3-10,compatible,
sr,dso,Livermore2-Vars3-10,Livermore2-Vars3-10,compatible,
sr,symbolicgpt,Livermore2-Vars3-10,Livermore2-Vars3-10,compatible,
sr,gplearn,Livermore2-Vars3-10,Livermore2-Vars3-10,compatible,
sr,physo,Livermore2-Vars3-10,Livermore2-Vars3-10,compatible,
sr,pysr,Livermore2-Vars3-10,Livermore2-Vars3-10,compatible,
sr,llmsr,Livermore2-Vars3-10,Livermore2-Vars3-10,compatible,
sr,pyoperon,Livermore2-Vars3-10,Livermore2-Vars3-10,error,ModuleNotFoundError: No module named 'pyoperon'
sr,dscv,Livermore2-Vars3-11,Livermore2-Vars3-11,compatible,
sr,dso,Livermore2-Vars3-11,Livermore2-Vars3-11,compatible,
sr,symbolicgpt,Livermore2-Vars3-11,Livermore2-Vars3-11,compatible,
sr,gplearn,Livermore2-Vars3-11,Livermore2-Vars3-11,compatible,
sr,physo,Livermore2-Vars3-11,Livermore2-Vars3-11,compatible,
sr,pysr,Livermore2-Vars3-11,Livermore2-Vars3-11,compatible,
sr,llmsr,Livermore2-Vars3-11,Livermore2-Vars3-11,compatible,
sr,pyoperon,Livermore2-Vars3-11,Livermore2-Vars3-11,error,ModuleNotFoundError: No module named 'pyoperon'
sr,dscv,Livermore2-Vars3-12,Livermore2-Vars3-12,compatible,
sr,dso,Livermore2-Vars3-12,Livermore2-Vars3-12,compatible,
sr,symbolicgpt,Livermore2-Vars3-12,Livermore2-Vars3-12,compatible,
sr,gplearn,Livermore2-Vars3-12,Livermore2-Vars3-12,compatible,
sr,physo,Livermore2-Vars3-12,Livermore2-Vars3-12,compatible,
sr,pysr,Livermore2-Vars3-12,Livermore2-Vars3-12,compatible,
sr,llmsr,Livermore2-Vars3-12,Livermore2-Vars3-12,compatible,
sr,pyoperon,Livermore2-Vars3-12,Livermore2-Vars3-12,error,ModuleNotFoundError: No module named 'pyoperon'
sr,dscv,Livermore2-Vars3-13,Livermore2-Vars3-13,compatible,
sr,dso,Livermore2-Vars3-13,Livermore2-Vars3-13,compatible,
sr,symbolicgpt,Livermore2-Vars3-13,Livermore2-Vars3-13,compatible,
sr,gplearn,Livermore2-Vars3-13,Livermore2-Vars3-13,compatible,
sr,physo,Livermore2-Vars3-13,Livermore2-Vars3-13,compatible,
sr,pysr,Livermore2-Vars3-13,Livermore2-Vars3-13,compatible,
sr,llmsr,Livermore2-Vars3-13,Livermore2-Vars3-13,compatible,
sr,pyoperon,Livermore2-Vars3-13,Livermore2-Vars3-13,error,ModuleNotFoundError: No module named 'pyoperon'
sr,dscv,Livermore2-Vars3-14,Livermore2-Vars3-14,compatible,
sr,dso,Livermore2-Vars3-14,Livermore2-Vars3-14,compatible,
sr,symbolicgpt,Livermore2-Vars3-14,Livermore2-Vars3-14,compatible,
sr,gplearn,Livermore2-Vars3-14,Livermore2-Vars3-14,compatible,
sr,physo,Livermore2-Vars3-14,Livermore2-Vars3-14,compatible,
sr,pysr,Livermore2-Vars3-14,Livermore2-Vars3-14,compatible,
sr,llmsr,Livermore2-Vars3-14,Livermore2-Vars3-14,compatible,
sr,pyoperon,Livermore2-Vars3-14,Livermore2-Vars3-14,error,ModuleNotFoundError: No module named 'pyoperon'
sr,dscv,Livermore2-Vars3-15,Livermore2-Vars3-15,compatible,
sr,dso,Livermore2-Vars3-15,Livermore2-Vars3-15,compatible,
sr,symbolicgpt,Livermore2-Vars3-15,Livermore2-Vars3-15,compatible,
sr,gplearn,Livermore2-Vars3-15,Livermore2-Vars3-15,compatible,
sr,physo,Livermore2-Vars3-15,Livermore2-Vars3-15,compatible,
sr,pysr,Livermore2-Vars3-15,Livermore2-Vars3-15,compatible,
sr,llmsr,Livermore2-Vars3-15,Livermore2-Vars3-15,compatible,
sr,pyoperon,Livermore2-Vars3-15,Livermore2-Vars3-15,error,ModuleNotFoundError: No module named 'pyoperon'
sr,dscv,Livermore2-Vars3-16,Livermore2-Vars3-16,compatible,
sr,dso,Livermore2-Vars3-16,Livermore2-Vars3-16,compatible,
sr,symbolicgpt,Livermore2-Vars3-16,Livermore2-Vars3-16,compatible,
sr,gplearn,Livermore2-Vars3-16,Livermore2-Vars3-16,compatible,
sr,physo,Livermore2-Vars3-16,Livermore2-Vars3-16,compatible,
sr,pysr,Livermore2-Vars3-16,Livermore2-Vars3-16,compatible,
sr,llmsr,Livermore2-Vars3-16,Livermore2-Vars3-16,compatible,
sr,pyoperon,Livermore2-Vars3-16,Livermore2-Vars3-16,error,ModuleNotFoundError: No module named 'pyoperon'
sr,dscv,Livermore2-Vars3-17,Livermore2-Vars3-17,compatible,
sr,dso,Livermore2-Vars3-17,Livermore2-Vars3-17,compatible,
sr,symbolicgpt,Livermore2-Vars3-17,Livermore2-Vars3-17,compatible,
sr,gplearn,Livermore2-Vars3-17,Livermore2-Vars3-17,compatible,
sr,physo,Livermore2-Vars3-17,Livermore2-Vars3-17,compatible,
sr,pysr,Livermore2-Vars3-17,Livermore2-Vars3-17,compatible,
sr,llmsr,Livermore2-Vars3-17,Livermore2-Vars3-17,compatible,
sr,pyoperon,Livermore2-Vars3-17,Livermore2-Vars3-17,error,ModuleNotFoundError: No module named 'pyoperon'
sr,dscv,Livermore2-Vars3-18,Livermore2-Vars3-18,compatible,
sr,dso,Livermore2-Vars3-18,Livermore2-Vars3-18,compatible,
sr,symbolicgpt,Livermore2-Vars3-18,Livermore2-Vars3-18,compatible,
sr,gplearn,Livermore2-Vars3-18,Livermore2-Vars3-18,compatible,
sr,physo,Livermore2-Vars3-18,Livermore2-Vars3-18,compatible,
sr,pysr,Livermore2-Vars3-18,Livermore2-Vars3-18,compatible,
sr,llmsr,Livermore2-Vars3-18,Livermore2-Vars3-18,compatible,
sr,pyoperon,Livermore2-Vars3-18,Livermore2-Vars3-18,error,ModuleNotFoundError: No module named 'pyoperon'
sr,dscv,Livermore2-Vars3-19,Livermore2-Vars3-19,compatible,
sr,dso,Livermore2-Vars3-19,Livermore2-Vars3-19,compatible,
sr,symbolicgpt,Livermore2-Vars3-19,Livermore2-Vars3-19,compatible,
sr,gplearn,Livermore2-Vars3-19,Livermore2-Vars3-19,compatible,
sr,physo,Livermore2-Vars3-19,Livermore2-Vars3-19,compatible,
sr,pysr,Livermore2-Vars3-19,Livermore2-Vars3-19,compatible,
sr,llmsr,Livermore2-Vars3-19,Livermore2-Vars3-19,compatible,
sr,pyoperon,Livermore2-Vars3-19,Livermore2-Vars3-19,error,ModuleNotFoundError: No module named 'pyoperon'
sr,dscv,Livermore2-Vars3-2,Livermore2-Vars3-2,compatible,
sr,dso,Livermore2-Vars3-2,Livermore2-Vars3-2,compatible,
sr,symbolicgpt,Livermore2-Vars3-2,Livermore2-Vars3-2,compatible,
sr,gplearn,Livermore2-Vars3-2,Livermore2-Vars3-2,compatible,
sr,physo,Livermore2-Vars3-2,Livermore2-Vars3-2,compatible,
sr,pysr,Livermore2-Vars3-2,Livermore2-Vars3-2,compatible,
sr,llmsr,Livermore2-Vars3-2,Livermore2-Vars3-2,compatible,
sr,pyoperon,Livermore2-Vars3-2,Livermore2-Vars3-2,error,ModuleNotFoundError: No module named 'pyoperon'
sr,dscv,Livermore2-Vars3-20,Livermore2-Vars3-20,compatible,
sr,dso,Livermore2-Vars3-20,Livermore2-Vars3-20,compatible,
sr,symbolicgpt,Livermore2-Vars3-20,Livermore2-Vars3-20,compatible,
sr,gplearn,Livermore2-Vars3-20,Livermore2-Vars3-20,compatible,
sr,physo,Livermore2-Vars3-20,Livermore2-Vars3-20,compatible,
sr,pysr,Livermore2-Vars3-20,Livermore2-Vars3-20,compatible,
sr,llmsr,Livermore2-Vars3-20,Livermore2-Vars3-20,compatible,
sr,pyoperon,Livermore2-Vars3-20,Livermore2-Vars3-20,error,ModuleNotFoundError: No module named 'pyoperon'
sr,dscv,Livermore2-Vars3-21,Livermore2-Vars3-21,compatible,
sr,dso,Livermore2-Vars3-21,Livermore2-Vars3-21,compatible,
sr,symbolicgpt,Livermore2-Vars3-21,Livermore2-Vars3-21,compatible,
sr,gplearn,Livermore2-Vars3-21,Livermore2-Vars3-21,compatible,
sr,physo,Livermore2-Vars3-21,Livermore2-Vars3-21,compatible,
sr,pysr,Livermore2-Vars3-21,Livermore2-Vars3-21,compatible,
sr,llmsr,Livermore2-Vars3-21,Livermore2-Vars3-21,compatible,
sr,pyoperon,Livermore2-Vars3-21,Livermore2-Vars3-21,error,ModuleNotFoundError: No module named 'pyoperon'
sr,dscv,Livermore2-Vars3-22,Livermore2-Vars3-22,compatible,
sr,dso,Livermore2-Vars3-22,Livermore2-Vars3-22,compatible,
sr,symbolicgpt,Livermore2-Vars3-22,Livermore2-Vars3-22,compatible,
sr,gplearn,Livermore2-Vars3-22,Livermore2-Vars3-22,compatible,
sr,physo,Livermore2-Vars3-22,Livermore2-Vars3-22,compatible,
sr,pysr,Livermore2-Vars3-22,Livermore2-Vars3-22,compatible,
sr,llmsr,Livermore2-Vars3-22,Livermore2-Vars3-22,compatible,
sr,pyoperon,Livermore2-Vars3-22,Livermore2-Vars3-22,error,ModuleNotFoundError: No module named 'pyoperon'
sr,dscv,Livermore2-Vars3-23,Livermore2-Vars3-23,compatible,
sr,dso,Livermore2-Vars3-23,Livermore2-Vars3-23,compatible,
sr,symbolicgpt,Livermore2-Vars3-23,Livermore2-Vars3-23,compatible,
sr,gplearn,Livermore2-Vars3-23,Livermore2-Vars3-23,compatible,
sr,physo,Livermore2-Vars3-23,Livermore2-Vars3-23,compatible,
sr,pysr,Livermore2-Vars3-23,Livermore2-Vars3-23,compatible,
sr,llmsr,Livermore2-Vars3-23,Livermore2-Vars3-23,compatible,
sr,pyoperon,Livermore2-Vars3-23,Livermore2-Vars3-23,error,ModuleNotFoundError: No module named 'pyoperon'
sr,dscv,Livermore2-Vars3-24,Livermore2-Vars3-24,compatible,
sr,dso,Livermore2-Vars3-24,Livermore2-Vars3-24,compatible,
sr,symbolicgpt,Livermore2-Vars3-24,Livermore2-Vars3-24,compatible,
sr,gplearn,Livermore2-Vars3-24,Livermore2-Vars3-24,compatible,
sr,physo,Livermore2-Vars3-24,Livermore2-Vars3-24,compatible,
sr,pysr,Livermore2-Vars3-24,Livermore2-Vars3-24,compatible,
sr,llmsr,Livermore2-Vars3-24,Livermore2-Vars3-24,compatible,
sr,pyoperon,Livermore2-Vars3-24,Livermore2-Vars3-24,error,ModuleNotFoundError: No module named 'pyoperon'
sr,dscv,Livermore2-Vars3-25,Livermore2-Vars3-25,compatible,
sr,dso,Livermore2-Vars3-25,Livermore2-Vars3-25,compatible,
sr,symbolicgpt,Livermore2-Vars3-25,Livermore2-Vars3-25,compatible,
sr,gplearn,Livermore2-Vars3-25,Livermore2-Vars3-25,compatible,
sr,physo,Livermore2-Vars3-25,Livermore2-Vars3-25,compatible,
sr,pysr,Livermore2-Vars3-25,Livermore2-Vars3-25,compatible,
sr,llmsr,Livermore2-Vars3-25,Livermore2-Vars3-25,compatible,
sr,pyoperon,Livermore2-Vars3-25,Livermore2-Vars3-25,error,ModuleNotFoundError: No module named 'pyoperon'
sr,dscv,Livermore2-Vars3-3,Livermore2-Vars3-3,compatible,
sr,dso,Livermore2-Vars3-3,Livermore2-Vars3-3,compatible,
sr,symbolicgpt,Livermore2-Vars3-3,Livermore2-Vars3-3,compatible,
sr,gplearn,Livermore2-Vars3-3,Livermore2-Vars3-3,compatible,
sr,physo,Livermore2-Vars3-3,Livermore2-Vars3-3,compatible,
sr,pysr,Livermore2-Vars3-3,Livermore2-Vars3-3,compatible,
sr,llmsr,Livermore2-Vars3-3,Livermore2-Vars3-3,compatible,
sr,pyoperon,Livermore2-Vars3-3,Livermore2-Vars3-3,error,ModuleNotFoundError: No module named 'pyoperon'
sr,dscv,Livermore2-Vars3-4,Livermore2-Vars3-4,compatible,
sr,dso,Livermore2-Vars3-4,Livermore2-Vars3-4,compatible,
sr,symbolicgpt,Livermore2-Vars3-4,Livermore2-Vars3-4,compatible,
sr,gplearn,Livermore2-Vars3-4,Livermore2-Vars3-4,compatible,
sr,physo,Livermore2-Vars3-4,Livermore2-Vars3-4,compatible,
sr,pysr,Livermore2-Vars3-4,Livermore2-Vars3-4,compatible,
sr,llmsr,Livermore2-Vars3-4,Livermore2-Vars3-4,compatible,
sr,pyoperon,Livermore2-Vars3-4,Livermore2-Vars3-4,error,ModuleNotFoundError: No module named 'pyoperon'
sr,dscv,Livermore2-Vars3-5,Livermore2-Vars3-5,compatible,
sr,dso,Livermore2-Vars3-5,Livermore2-Vars3-5,compatible,
sr,symbolicgpt,Livermore2-Vars3-5,Livermore2-Vars3-5,compatible,
sr,gplearn,Livermore2-Vars3-5,Livermore2-Vars3-5,compatible,
sr,physo,Livermore2-Vars3-5,Livermore2-Vars3-5,compatible,
sr,pysr,Livermore2-Vars3-5,Livermore2-Vars3-5,compatible,
sr,llmsr,Livermore2-Vars3-5,Livermore2-Vars3-5,compatible,
sr,pyoperon,Livermore2-Vars3-5,Livermore2-Vars3-5,error,ModuleNotFoundError: No module named 'pyoperon'
sr,dscv,Livermore2-Vars3-6,Livermore2-Vars3-6,compatible,
sr,dso,Livermore2-Vars3-6,Livermore2-Vars3-6,compatible,
sr,symbolicgpt,Livermore2-Vars3-6,Livermore2-Vars3-6,compatible,
sr,gplearn,Livermore2-Vars3-6,Livermore2-Vars3-6,compatible,
sr,physo,Livermore2-Vars3-6,Livermore2-Vars3-6,compatible,
sr,pysr,Livermore2-Vars3-6,Livermore2-Vars3-6,compatible,
sr,llmsr,Livermore2-Vars3-6,Livermore2-Vars3-6,compatible,
sr,pyoperon,Livermore2-Vars3-6,Livermore2-Vars3-6,error,ModuleNotFoundError: No module named 'pyoperon'
sr,dscv,Livermore2-Vars3-7,Livermore2-Vars3-7,compatible,
sr,dso,Livermore2-Vars3-7,Livermore2-Vars3-7,compatible,
sr,symbolicgpt,Livermore2-Vars3-7,Livermore2-Vars3-7,compatible,
sr,gplearn,Livermore2-Vars3-7,Livermore2-Vars3-7,compatible,
sr,physo,Livermore2-Vars3-7,Livermore2-Vars3-7,compatible,
sr,pysr,Livermore2-Vars3-7,Livermore2-Vars3-7,compatible,
sr,llmsr,Livermore2-Vars3-7,Livermore2-Vars3-7,compatible,
sr,pyoperon,Livermore2-Vars3-7,Livermore2-Vars3-7,error,ModuleNotFoundError: No module named 'pyoperon'
sr,dscv,Livermore2-Vars3-8,Livermore2-Vars3-8,compatible,
sr,dso,Livermore2-Vars3-8,Livermore2-Vars3-8,compatible,
sr,symbolicgpt,Livermore2-Vars3-8,Livermore2-Vars3-8,compatible,
sr,gplearn,Livermore2-Vars3-8,Livermore2-Vars3-8,compatible,
sr,physo,Livermore2-Vars3-8,Livermore2-Vars3-8,compatible,
sr,pysr,Livermore2-Vars3-8,Livermore2-Vars3-8,compatible,
sr,llmsr,Livermore2-Vars3-8,Livermore2-Vars3-8,compatible,
sr,pyoperon,Livermore2-Vars3-8,Livermore2-Vars3-8,error,ModuleNotFoundError: No module named 'pyoperon'
sr,dscv,Livermore2-Vars3-9,Livermore2-Vars3-9,compatible,
sr,dso,Livermore2-Vars3-9,Livermore2-Vars3-9,compatible,
sr,symbolicgpt,Livermore2-Vars3-9,Livermore2-Vars3-9,compatible,
sr,gplearn,Livermore2-Vars3-9,Livermore2-Vars3-9,compatible,
sr,physo,Livermore2-Vars3-9,Livermore2-Vars3-9,compatible,
sr,pysr,Livermore2-Vars3-9,Livermore2-Vars3-9,compatible,
sr,llmsr,Livermore2-Vars3-9,Livermore2-Vars3-9,compatible,
sr,pyoperon,Livermore2-Vars3-9,Livermore2-Vars3-9,error,ModuleNotFoundError: No module named 'pyoperon'
sr,dscv,Livermore2-Vars4-1,Livermore2-Vars4-1,compatible,
sr,dso,Livermore2-Vars4-1,Livermore2-Vars4-1,compatible,
sr,symbolicgpt,Livermore2-Vars4-1,Livermore2-Vars4-1,compatible,
sr,gplearn,Livermore2-Vars4-1,Livermore2-Vars4-1,compatible,
sr,physo,Livermore2-Vars4-1,Livermore2-Vars4-1,compatible,
sr,pysr,Livermore2-Vars4-1,Livermore2-Vars4-1,compatible,
sr,llmsr,Livermore2-Vars4-1,Livermore2-Vars4-1,compatible,
sr,pyoperon,Livermore2-Vars4-1,Livermore2-Vars4-1,error,ModuleNotFoundError: No module named 'pyoperon'
sr,dscv,Livermore2-Vars4-10,Livermore2-Vars4-10,compatible,
sr,dso,Livermore2-Vars4-10,Livermore2-Vars4-10,compatible,
sr,symbolicgpt,Livermore2-Vars4-10,Livermore2-Vars4-10,compatible,
sr,gplearn,Livermore2-Vars4-10,Livermore2-Vars4-10,compatible,
sr,physo,Livermore2-Vars4-10,Livermore2-Vars4-10,compatible,
sr,pysr,Livermore2-Vars4-10,Livermore2-Vars4-10,compatible,
sr,llmsr,Livermore2-Vars4-10,Livermore2-Vars4-10,compatible,
sr,pyoperon,Livermore2-Vars4-10,Livermore2-Vars4-10,error,ModuleNotFoundError: No module named 'pyoperon'
sr,dscv,Livermore2-Vars4-11,Livermore2-Vars4-11,compatible,
sr,dso,Livermore2-Vars4-11,Livermore2-Vars4-11,compatible,
sr,symbolicgpt,Livermore2-Vars4-11,Livermore2-Vars4-11,compatible,
sr,gplearn,Livermore2-Vars4-11,Livermore2-Vars4-11,compatible,
sr,physo,Livermore2-Vars4-11,Livermore2-Vars4-11,compatible,
sr,pysr,Livermore2-Vars4-11,Livermore2-Vars4-11,compatible,
sr,llmsr,Livermore2-Vars4-11,Livermore2-Vars4-11,compatible,
sr,pyoperon,Livermore2-Vars4-11,Livermore2-Vars4-11,error,ModuleNotFoundError: No module named 'pyoperon'
sr,dscv,Livermore2-Vars4-12,Livermore2-Vars4-12,compatible,
sr,dso,Livermore2-Vars4-12,Livermore2-Vars4-12,compatible,
sr,symbolicgpt,Livermore2-Vars4-12,Livermore2-Vars4-12,compatible,
sr,gplearn,Livermore2-Vars4-12,Livermore2-Vars4-12,compatible,
sr,physo,Livermore2-Vars4-12,Livermore2-Vars4-12,compatible,
sr,pysr,Livermore2-Vars4-12,Livermore2-Vars4-12,compatible,
sr,llmsr,Livermore2-Vars4-12,Livermore2-Vars4-12,compatible,
sr,pyoperon,Livermore2-Vars4-12,Livermore2-Vars4-12,error,ModuleNotFoundError: No module named 'pyoperon'
sr,dscv,Livermore2-Vars4-13,Livermore2-Vars4-13,compatible,
sr,dso,Livermore2-Vars4-13,Livermore2-Vars4-13,compatible,
sr,symbolicgpt,Livermore2-Vars4-13,Livermore2-Vars4-13,compatible,
sr,gplearn,Livermore2-Vars4-13,Livermore2-Vars4-13,compatible,
sr,physo,Livermore2-Vars4-13,Livermore2-Vars4-13,compatible,
sr,pysr,Livermore2-Vars4-13,Livermore2-Vars4-13,compatible,
sr,llmsr,Livermore2-Vars4-13,Livermore2-Vars4-13,compatible,
sr,pyoperon,Livermore2-Vars4-13,Livermore2-Vars4-13,error,ModuleNotFoundError: No module named 'pyoperon'
sr,dscv,Livermore2-Vars4-14,Livermore2-Vars4-14,compatible,
sr,dso,Livermore2-Vars4-14,Livermore2-Vars4-14,compatible,
sr,symbolicgpt,Livermore2-Vars4-14,Livermore2-Vars4-14,compatible,
sr,gplearn,Livermore2-Vars4-14,Livermore2-Vars4-14,compatible,
sr,physo,Livermore2-Vars4-14,Livermore2-Vars4-14,compatible,
sr,pysr,Livermore2-Vars4-14,Livermore2-Vars4-14,compatible,
sr,llmsr,Livermore2-Vars4-14,Livermore2-Vars4-14,compatible,
sr,pyoperon,Livermore2-Vars4-14,Livermore2-Vars4-14,error,ModuleNotFoundError: No module named 'pyoperon'
sr,dscv,Livermore2-Vars4-15,Livermore2-Vars4-15,compatible,
sr,dso,Livermore2-Vars4-15,Livermore2-Vars4-15,compatible,
sr,symbolicgpt,Livermore2-Vars4-15,Livermore2-Vars4-15,compatible,
sr,gplearn,Livermore2-Vars4-15,Livermore2-Vars4-15,compatible,
sr,physo,Livermore2-Vars4-15,Livermore2-Vars4-15,compatible,
sr,pysr,Livermore2-Vars4-15,Livermore2-Vars4-15,compatible,
sr,llmsr,Livermore2-Vars4-15,Livermore2-Vars4-15,compatible,
sr,pyoperon,Livermore2-Vars4-15,Livermore2-Vars4-15,error,ModuleNotFoundError: No module named 'pyoperon'
sr,dscv,Livermore2-Vars4-16,Livermore2-Vars4-16,compatible,
sr,dso,Livermore2-Vars4-16,Livermore2-Vars4-16,compatible,
sr,symbolicgpt,Livermore2-Vars4-16,Livermore2-Vars4-16,compatible,
sr,gplearn,Livermore2-Vars4-16,Livermore2-Vars4-16,compatible,
sr,physo,Livermore2-Vars4-16,Livermore2-Vars4-16,compatible,
sr,pysr,Livermore2-Vars4-16,Livermore2-Vars4-16,compatible,
sr,llmsr,Livermore2-Vars4-16,Livermore2-Vars4-16,compatible,
sr,pyoperon,Livermore2-Vars4-16,Livermore2-Vars4-16,error,ModuleNotFoundError: No module named 'pyoperon'
sr,dscv,Livermore2-Vars4-17,Livermore2-Vars4-17,compatible,
sr,dso,Livermore2-Vars4-17,Livermore2-Vars4-17,compatible,
sr,symbolicgpt,Livermore2-Vars4-17,Livermore2-Vars4-17,compatible,
sr,gplearn,Livermore2-Vars4-17,Livermore2-Vars4-17,compatible,
sr,physo,Livermore2-Vars4-17,Livermore2-Vars4-17,compatible,
sr,pysr,Livermore2-Vars4-17,Livermore2-Vars4-17,compatible,
sr,llmsr,Livermore2-Vars4-17,Livermore2-Vars4-17,compatible,
sr,pyoperon,Livermore2-Vars4-17,Livermore2-Vars4-17,error,ModuleNotFoundError: No module named 'pyoperon'
sr,dscv,Livermore2-Vars4-18,Livermore2-Vars4-18,compatible,
sr,dso,Livermore2-Vars4-18,Livermore2-Vars4-18,compatible,
sr,symbolicgpt,Livermore2-Vars4-18,Livermore2-Vars4-18,compatible,
sr,gplearn,Livermore2-Vars4-18,Livermore2-Vars4-18,compatible,
sr,physo,Livermore2-Vars4-18,Livermore2-Vars4-18,compatible,
sr,pysr,Livermore2-Vars4-18,Livermore2-Vars4-18,compatible,
sr,llmsr,Livermore2-Vars4-18,Livermore2-Vars4-18,compatible,
sr,pyoperon,Livermore2-Vars4-18,Livermore2-Vars4-18,error,ModuleNotFoundError: No module named 'pyoperon'
sr,dscv,Livermore2-Vars4-19,Livermore2-Vars4-19,compatible,
sr,dso,Livermore2-Vars4-19,Livermore2-Vars4-19,compatible,
sr,symbolicgpt,Livermore2-Vars4-19,Livermore2-Vars4-19,compatible,
sr,gplearn,Livermore2-Vars4-19,Livermore2-Vars4-19,compatible,
sr,physo,Livermore2-Vars4-19,Livermore2-Vars4-19,compatible,
sr,pysr,Livermore2-Vars4-19,Livermore2-Vars4-19,compatible,
sr,llmsr,Livermore2-Vars4-19,Livermore2-Vars4-19,compatible,
sr,pyoperon,Livermore2-Vars4-19,Livermore2-Vars4-19,error,ModuleNotFoundError: No module named 'pyoperon'
sr,dscv,Livermore2-Vars4-2,Livermore2-Vars4-2,compatible,
sr,dso,Livermore2-Vars4-2,Livermore2-Vars4-2,compatible,
sr,symbolicgpt,Livermore2-Vars4-2,Livermore2-Vars4-2,compatible,
sr,gplearn,Livermore2-Vars4-2,Livermore2-Vars4-2,compatible,
sr,physo,Livermore2-Vars4-2,Livermore2-Vars4-2,compatible,
sr,pysr,Livermore2-Vars4-2,Livermore2-Vars4-2,compatible,
sr,llmsr,Livermore2-Vars4-2,Livermore2-Vars4-2,compatible,
sr,pyoperon,Livermore2-Vars4-2,Livermore2-Vars4-2,error,ModuleNotFoundError: No module named 'pyoperon'
sr,dscv,Livermore2-Vars4-20,Livermore2-Vars4-20,compatible,
sr,dso,Livermore2-Vars4-20,Livermore2-Vars4-20,compatible,
sr,symbolicgpt,Livermore2-Vars4-20,Livermore2-Vars4-20,compatible,
sr,gplearn,Livermore2-Vars4-20,Livermore2-Vars4-20,compatible,
sr,physo,Livermore2-Vars4-20,Livermore2-Vars4-20,compatible,
sr,pysr,Livermore2-Vars4-20,Livermore2-Vars4-20,compatible,
sr,llmsr,Livermore2-Vars4-20,Livermore2-Vars4-20,compatible,
sr,pyoperon,Livermore2-Vars4-20,Livermore2-Vars4-20,error,ModuleNotFoundError: No module named 'pyoperon'
sr,dscv,Livermore2-Vars4-21,Livermore2-Vars4-21,compatible,
sr,dso,Livermore2-Vars4-21,Livermore2-Vars4-21,compatible,
sr,symbolicgpt,Livermore2-Vars4-21,Livermore2-Vars4-21,compatible,
sr,gplearn,Livermore2-Vars4-21,Livermore2-Vars4-21,compatible,
sr,physo,Livermore2-Vars4-21,Livermore2-Vars4-21,compatible,
sr,pysr,Livermore2-Vars4-21,Livermore2-Vars4-21,compatible,
sr,llmsr,Livermore2-Vars4-21,Livermore2-Vars4-21,compatible,
sr,pyoperon,Livermore2-Vars4-21,Livermore2-Vars4-21,error,ModuleNotFoundError: No module named 'pyoperon'
sr,dscv,Livermore2-Vars4-22,Livermore2-Vars4-22,compatible,
sr,dso,Livermore2-Vars4-22,Livermore2-Vars4-22,compatible,
sr,symbolicgpt,Livermore2-Vars4-22,Livermore2-Vars4-22,compatible,
sr,gplearn,Livermore2-Vars4-22,Livermore2-Vars4-22,compatible,
sr,physo,Livermore2-Vars4-22,Livermore2-Vars4-22,compatible,
sr,pysr,Livermore2-Vars4-22,Livermore2-Vars4-22,compatible,
sr,llmsr,Livermore2-Vars4-22,Livermore2-Vars4-22,compatible,
sr,pyoperon,Livermore2-Vars4-22,Livermore2-Vars4-22,error,ModuleNotFoundError: No module named 'pyoperon'
sr,dscv,Livermore2-Vars4-23,Livermore2-Vars4-23,compatible,
sr,dso,Livermore2-Vars4-23,Livermore2-Vars4-23,compatible,
sr,symbolicgpt,Livermore2-Vars4-23,Livermore2-Vars4-23,compatible,
sr,gplearn,Livermore2-Vars4-23,Livermore2-Vars4-23,compatible,
sr,physo,Livermore2-Vars4-23,Livermore2-Vars4-23,compatible,
sr,pysr,Livermore2-Vars4-23,Livermore2-Vars4-23,compatible,
sr,llmsr,Livermore2-Vars4-23,Livermore2-Vars4-23,compatible,
sr,pyoperon,Livermore2-Vars4-23,Livermore2-Vars4-23,error,ModuleNotFoundError: No module named 'pyoperon'
sr,dscv,Livermore2-Vars4-24,Livermore2-Vars4-24,compatible,
sr,dso,Livermore2-Vars4-24,Livermore2-Vars4-24,compatible,
sr,symbolicgpt,Livermore2-Vars4-24,Livermore2-Vars4-24,compatible,
sr,gplearn,Livermore2-Vars4-24,Livermore2-Vars4-24,compatible,
sr,physo,Livermore2-Vars4-24,Livermore2-Vars4-24,compatible,
sr,pysr,Livermore2-Vars4-24,Livermore2-Vars4-24,compatible,
sr,llmsr,Livermore2-Vars4-24,Livermore2-Vars4-24,compatible,
sr,pyoperon,Livermore2-Vars4-24,Livermore2-Vars4-24,error,ModuleNotFoundError: No module named 'pyoperon'
sr,dscv,Livermore2-Vars4-25,Livermore2-Vars4-25,compatible,
sr,dso,Livermore2-Vars4-25,Livermore2-Vars4-25,compatible,
sr,symbolicgpt,Livermore2-Vars4-25,Livermore2-Vars4-25,compatible,
sr,gplearn,Livermore2-Vars4-25,Livermore2-Vars4-25,compatible,
sr,physo,Livermore2-Vars4-25,Livermore2-Vars4-25,compatible,
sr,pysr,Livermore2-Vars4-25,Livermore2-Vars4-25,compatible,
sr,llmsr,Livermore2-Vars4-25,Livermore2-Vars4-25,compatible,
sr,pyoperon,Livermore2-Vars4-25,Livermore2-Vars4-25,error,ModuleNotFoundError: No module named 'pyoperon'
sr,dscv,Livermore2-Vars4-3,Livermore2-Vars4-3,compatible,
sr,dso,Livermore2-Vars4-3,Livermore2-Vars4-3,compatible,
sr,symbolicgpt,Livermore2-Vars4-3,Livermore2-Vars4-3,compatible,
sr,gplearn,Livermore2-Vars4-3,Livermore2-Vars4-3,compatible,
sr,physo,Livermore2-Vars4-3,Livermore2-Vars4-3,compatible,
sr,pysr,Livermore2-Vars4-3,Livermore2-Vars4-3,compatible,
sr,llmsr,Livermore2-Vars4-3,Livermore2-Vars4-3,compatible,
sr,pyoperon,Livermore2-Vars4-3,Livermore2-Vars4-3,error,ModuleNotFoundError: No module named 'pyoperon'
sr,dscv,Livermore2-Vars4-4,Livermore2-Vars4-4,compatible,
sr,dso,Livermore2-Vars4-4,Livermore2-Vars4-4,compatible,
sr,symbolicgpt,Livermore2-Vars4-4,Livermore2-Vars4-4,compatible,
sr,gplearn,Livermore2-Vars4-4,Livermore2-Vars4-4,compatible,
sr,physo,Livermore2-Vars4-4,Livermore2-Vars4-4,compatible,
sr,pysr,Livermore2-Vars4-4,Livermore2-Vars4-4,compatible,
sr,llmsr,Livermore2-Vars4-4,Livermore2-Vars4-4,compatible,
sr,pyoperon,Livermore2-Vars4-4,Livermore2-Vars4-4,error,ModuleNotFoundError: No module named 'pyoperon'
sr,dscv,Livermore2-Vars4-5,Livermore2-Vars4-5,compatible,
sr,dso,Livermore2-Vars4-5,Livermore2-Vars4-5,compatible,
sr,symbolicgpt,Livermore2-Vars4-5,Livermore2-Vars4-5,compatible,
sr,gplearn,Livermore2-Vars4-5,Livermore2-Vars4-5,compatible,
sr,physo,Livermore2-Vars4-5,Livermore2-Vars4-5,compatible,
sr,pysr,Livermore2-Vars4-5,Livermore2-Vars4-5,compatible,
sr,llmsr,Livermore2-Vars4-5,Livermore2-Vars4-5,compatible,
sr,pyoperon,Livermore2-Vars4-5,Livermore2-Vars4-5,error,ModuleNotFoundError: No module named 'pyoperon'
sr,dscv,Livermore2-Vars4-6,Livermore2-Vars4-6,compatible,
sr,dso,Livermore2-Vars4-6,Livermore2-Vars4-6,compatible,
sr,symbolicgpt,Livermore2-Vars4-6,Livermore2-Vars4-6,compatible,
sr,gplearn,Livermore2-Vars4-6,Livermore2-Vars4-6,compatible,
sr,physo,Livermore2-Vars4-6,Livermore2-Vars4-6,compatible,
sr,pysr,Livermore2-Vars4-6,Livermore2-Vars4-6,compatible,
sr,llmsr,Livermore2-Vars4-6,Livermore2-Vars4-6,compatible,
sr,pyoperon,Livermore2-Vars4-6,Livermore2-Vars4-6,error,ModuleNotFoundError: No module named 'pyoperon'
sr,dscv,Livermore2-Vars4-7,Livermore2-Vars4-7,compatible,
sr,dso,Livermore2-Vars4-7,Livermore2-Vars4-7,compatible,
sr,symbolicgpt,Livermore2-Vars4-7,Livermore2-Vars4-7,compatible,
sr,gplearn,Livermore2-Vars4-7,Livermore2-Vars4-7,compatible,
sr,physo,Livermore2-Vars4-7,Livermore2-Vars4-7,compatible,
sr,pysr,Livermore2-Vars4-7,Livermore2-Vars4-7,compatible,
sr,llmsr,Livermore2-Vars4-7,Livermore2-Vars4-7,compatible,
sr,pyoperon,Livermore2-Vars4-7,Livermore2-Vars4-7,error,ModuleNotFoundError: No module named 'pyoperon'
sr,dscv,Livermore2-Vars4-8,Livermore2-Vars4-8,compatible,
sr,dso,Livermore2-Vars4-8,Livermore2-Vars4-8,compatible,
sr,symbolicgpt,Livermore2-Vars4-8,Livermore2-Vars4-8,compatible,
sr,gplearn,Livermore2-Vars4-8,Livermore2-Vars4-8,compatible,
sr,physo,Livermore2-Vars4-8,Livermore2-Vars4-8,compatible,
sr,pysr,Livermore2-Vars4-8,Livermore2-Vars4-8,compatible,
sr,llmsr,Livermore2-Vars4-8,Livermore2-Vars4-8,compatible,
sr,pyoperon,Livermore2-Vars4-8,Livermore2-Vars4-8,error,ModuleNotFoundError: No module named 'pyoperon'
sr,dscv,Livermore2-Vars4-9,Livermore2-Vars4-9,compatible,
sr,dso,Livermore2-Vars4-9,Livermore2-Vars4-9,compatible,
sr,symbolicgpt,Livermore2-Vars4-9,Livermore2-Vars4-9,compatible,
sr,gplearn,Livermore2-Vars4-9,Livermore2-Vars4-9,compatible,
sr,physo,Livermore2-Vars4-9,Livermore2-Vars4-9,compatible,
sr,pysr,Livermore2-Vars4-9,Livermore2-Vars4-9,compatible,
sr,llmsr,Livermore2-Vars4-9,Livermore2-Vars4-9,compatible,
sr,pyoperon,Livermore2-Vars4-9,Livermore2-Vars4-9,error,ModuleNotFoundError: No module named 'pyoperon'
sr,dscv,Livermore2-Vars5-1,Livermore2-Vars5-1,compatible,
sr,dso,Livermore2-Vars5-1,Livermore2-Vars5-1,compatible,
sr,symbolicgpt,Livermore2-Vars5-1,Livermore2-Vars5-1,compatible,
sr,gplearn,Livermore2-Vars5-1,Livermore2-Vars5-1,compatible,
sr,physo,Livermore2-Vars5-1,Livermore2-Vars5-1,compatible,
sr,pysr,Livermore2-Vars5-1,Livermore2-Vars5-1,compatible,
sr,llmsr,Livermore2-Vars5-1,Livermore2-Vars5-1,compatible,
sr,pyoperon,Livermore2-Vars5-1,Livermore2-Vars5-1,error,ModuleNotFoundError: No module named 'pyoperon'
sr,dscv,Livermore2-Vars5-10,Livermore2-Vars5-10,compatible,
sr,dso,Livermore2-Vars5-10,Livermore2-Vars5-10,compatible,
sr,symbolicgpt,Livermore2-Vars5-10,Livermore2-Vars5-10,compatible,
sr,gplearn,Livermore2-Vars5-10,Livermore2-Vars5-10,compatible,
sr,physo,Livermore2-Vars5-10,Livermore2-Vars5-10,compatible,
sr,pysr,Livermore2-Vars5-10,Livermore2-Vars5-10,compatible,
sr,llmsr,Livermore2-Vars5-10,Livermore2-Vars5-10,compatible,
sr,pyoperon,Livermore2-Vars5-10,Livermore2-Vars5-10,error,ModuleNotFoundError: No module named 'pyoperon'
sr,dscv,Livermore2-Vars5-11,Livermore2-Vars5-11,compatible,
sr,dso,Livermore2-Vars5-11,Livermore2-Vars5-11,compatible,
sr,symbolicgpt,Livermore2-Vars5-11,Livermore2-Vars5-11,compatible,
sr,gplearn,Livermore2-Vars5-11,Livermore2-Vars5-11,compatible,
sr,physo,Livermore2-Vars5-11,Livermore2-Vars5-11,compatible,
sr,pysr,Livermore2-Vars5-11,Livermore2-Vars5-11,compatible,
sr,llmsr,Livermore2-Vars5-11,Livermore2-Vars5-11,compatible,
sr,pyoperon,Livermore2-Vars5-11,Livermore2-Vars5-11,error,ModuleNotFoundError: No module named 'pyoperon'
sr,dscv,Livermore2-Vars5-12,Livermore2-Vars5-12,compatible,
sr,dso,Livermore2-Vars5-12,Livermore2-Vars5-12,compatible,
sr,symbolicgpt,Livermore2-Vars5-12,Livermore2-Vars5-12,compatible,
sr,gplearn,Livermore2-Vars5-12,Livermore2-Vars5-12,compatible,
sr,physo,Livermore2-Vars5-12,Livermore2-Vars5-12,compatible,
sr,pysr,Livermore2-Vars5-12,Livermore2-Vars5-12,compatible,
sr,llmsr,Livermore2-Vars5-12,Livermore2-Vars5-12,compatible,
sr,pyoperon,Livermore2-Vars5-12,Livermore2-Vars5-12,error,ModuleNotFoundError: No module named 'pyoperon'
sr,dscv,Livermore2-Vars5-13,Livermore2-Vars5-13,compatible,
sr,dso,Livermore2-Vars5-13,Livermore2-Vars5-13,compatible,
sr,symbolicgpt,Livermore2-Vars5-13,Livermore2-Vars5-13,compatible,
sr,gplearn,Livermore2-Vars5-13,Livermore2-Vars5-13,compatible,
sr,physo,Livermore2-Vars5-13,Livermore2-Vars5-13,compatible,
sr,pysr,Livermore2-Vars5-13,Livermore2-Vars5-13,compatible,
sr,llmsr,Livermore2-Vars5-13,Livermore2-Vars5-13,compatible,
sr,pyoperon,Livermore2-Vars5-13,Livermore2-Vars5-13,error,ModuleNotFoundError: No module named 'pyoperon'
sr,dscv,Livermore2-Vars5-14,Livermore2-Vars5-14,compatible,
sr,dso,Livermore2-Vars5-14,Livermore2-Vars5-14,compatible,
sr,symbolicgpt,Livermore2-Vars5-14,Livermore2-Vars5-14,compatible,
sr,gplearn,Livermore2-Vars5-14,Livermore2-Vars5-14,compatible,
sr,physo,Livermore2-Vars5-14,Livermore2-Vars5-14,compatible,
sr,pysr,Livermore2-Vars5-14,Livermore2-Vars5-14,compatible,
sr,llmsr,Livermore2-Vars5-14,Livermore2-Vars5-14,compatible,
sr,pyoperon,Livermore2-Vars5-14,Livermore2-Vars5-14,error,ModuleNotFoundError: No module named 'pyoperon'
sr,dscv,Livermore2-Vars5-15,Livermore2-Vars5-15,compatible,
sr,dso,Livermore2-Vars5-15,Livermore2-Vars5-15,compatible,
sr,symbolicgpt,Livermore2-Vars5-15,Livermore2-Vars5-15,compatible,
sr,gplearn,Livermore2-Vars5-15,Livermore2-Vars5-15,compatible,
sr,physo,Livermore2-Vars5-15,Livermore2-Vars5-15,compatible,
sr,pysr,Livermore2-Vars5-15,Livermore2-Vars5-15,compatible,
sr,llmsr,Livermore2-Vars5-15,Livermore2-Vars5-15,compatible,
sr,pyoperon,Livermore2-Vars5-15,Livermore2-Vars5-15,error,ModuleNotFoundError: No module named 'pyoperon'
sr,dscv,Livermore2-Vars5-16,Livermore2-Vars5-16,compatible,
sr,dso,Livermore2-Vars5-16,Livermore2-Vars5-16,compatible,
sr,symbolicgpt,Livermore2-Vars5-16,Livermore2-Vars5-16,compatible,
sr,gplearn,Livermore2-Vars5-16,Livermore2-Vars5-16,compatible,
sr,physo,Livermore2-Vars5-16,Livermore2-Vars5-16,compatible,
sr,pysr,Livermore2-Vars5-16,Livermore2-Vars5-16,compatible,
sr,llmsr,Livermore2-Vars5-16,Livermore2-Vars5-16,compatible,
sr,pyoperon,Livermore2-Vars5-16,Livermore2-Vars5-16,error,ModuleNotFoundError: No module named 'pyoperon'
sr,dscv,Livermore2-Vars5-17,Livermore2-Vars5-17,compatible,
sr,dso,Livermore2-Vars5-17,Livermore2-Vars5-17,compatible,
sr,symbolicgpt,Livermore2-Vars5-17,Livermore2-Vars5-17,compatible,
sr,gplearn,Livermore2-Vars5-17,Livermore2-Vars5-17,compatible,
sr,physo,Livermore2-Vars5-17,Livermore2-Vars5-17,compatible,
sr,pysr,Livermore2-Vars5-17,Livermore2-Vars5-17,compatible,
sr,llmsr,Livermore2-Vars5-17,Livermore2-Vars5-17,compatible,
sr,pyoperon,Livermore2-Vars5-17,Livermore2-Vars5-17,error,ModuleNotFoundError: No module named 'pyoperon'
sr,dscv,Livermore2-Vars5-18,Livermore2-Vars5-18,compatible,
sr,dso,Livermore2-Vars5-18,Livermore2-Vars5-18,compatible,
sr,symbolicgpt,Livermore2-Vars5-18,Livermore2-Vars5-18,compatible,
sr,gplearn,Livermore2-Vars5-18,Livermore2-Vars5-18,compatible,
sr,physo,Livermore2-Vars5-18,Livermore2-Vars5-18,compatible,
sr,pysr,Livermore2-Vars5-18,Livermore2-Vars5-18,compatible,
sr,llmsr,Livermore2-Vars5-18,Livermore2-Vars5-18,compatible,
sr,pyoperon,Livermore2-Vars5-18,Livermore2-Vars5-18,error,ModuleNotFoundError: No module named 'pyoperon'
sr,dscv,Livermore2-Vars5-19,Livermore2-Vars5-19,compatible,
sr,dso,Livermore2-Vars5-19,Livermore2-Vars5-19,compatible,
sr,symbolicgpt,Livermore2-Vars5-19,Livermore2-Vars5-19,compatible,
sr,gplearn,Livermore2-Vars5-19,Livermore2-Vars5-19,compatible,
sr,physo,Livermore2-Vars5-19,Livermore2-Vars5-19,compatible,
sr,pysr,Livermore2-Vars5-19,Livermore2-Vars5-19,compatible,
sr,llmsr,Livermore2-Vars5-19,Livermore2-Vars5-19,compatible,
sr,pyoperon,Livermore2-Vars5-19,Livermore2-Vars5-19,error,ModuleNotFoundError: No module named 'pyoperon'
sr,dscv,Livermore2-Vars5-2,Livermore2-Vars5-2,compatible,
sr,dso,Livermore2-Vars5-2,Livermore2-Vars5-2,compatible,
sr,symbolicgpt,Livermore2-Vars5-2,Livermore2-Vars5-2,compatible,
sr,gplearn,Livermore2-Vars5-2,Livermore2-Vars5-2,compatible,
sr,physo,Livermore2-Vars5-2,Livermore2-Vars5-2,compatible,
sr,pysr,Livermore2-Vars5-2,Livermore2-Vars5-2,compatible,
sr,llmsr,Livermore2-Vars5-2,Livermore2-Vars5-2,compatible,
sr,pyoperon,Livermore2-Vars5-2,Livermore2-Vars5-2,error,ModuleNotFoundError: No module named 'pyoperon'
sr,dscv,Livermore2-Vars5-20,Livermore2-Vars5-20,compatible,
sr,dso,Livermore2-Vars5-20,Livermore2-Vars5-20,compatible,
sr,symbolicgpt,Livermore2-Vars5-20,Livermore2-Vars5-20,compatible,
sr,gplearn,Livermore2-Vars5-20,Livermore2-Vars5-20,compatible,
sr,physo,Livermore2-Vars5-20,Livermore2-Vars5-20,compatible,
sr,pysr,Livermore2-Vars5-20,Livermore2-Vars5-20,compatible,
sr,llmsr,Livermore2-Vars5-20,Livermore2-Vars5-20,compatible,
sr,pyoperon,Livermore2-Vars5-20,Livermore2-Vars5-20,error,ModuleNotFoundError: No module named 'pyoperon'
sr,dscv,Livermore2-Vars5-21,Livermore2-Vars5-21,compatible,
sr,dso,Livermore2-Vars5-21,Livermore2-Vars5-21,compatible,
sr,symbolicgpt,Livermore2-Vars5-21,Livermore2-Vars5-21,compatible,
sr,gplearn,Livermore2-Vars5-21,Livermore2-Vars5-21,compatible,
sr,physo,Livermore2-Vars5-21,Livermore2-Vars5-21,compatible,
sr,pysr,Livermore2-Vars5-21,Livermore2-Vars5-21,compatible,
sr,llmsr,Livermore2-Vars5-21,Livermore2-Vars5-21,compatible,
sr,pyoperon,Livermore2-Vars5-21,Livermore2-Vars5-21,error,ModuleNotFoundError: No module named 'pyoperon'
sr,dscv,Livermore2-Vars5-22,Livermore2-Vars5-22,compatible,
sr,dso,Livermore2-Vars5-22,Livermore2-Vars5-22,compatible,
sr,symbolicgpt,Livermore2-Vars5-22,Livermore2-Vars5-22,compatible,
sr,gplearn,Livermore2-Vars5-22,Livermore2-Vars5-22,compatible,
sr,physo,Livermore2-Vars5-22,Livermore2-Vars5-22,compatible,
sr,pysr,Livermore2-Vars5-22,Livermore2-Vars5-22,compatible,
sr,llmsr,Livermore2-Vars5-22,Livermore2-Vars5-22,compatible,
sr,pyoperon,Livermore2-Vars5-22,Livermore2-Vars5-22,error,ModuleNotFoundError: No module named 'pyoperon'
sr,dscv,Livermore2-Vars5-23,Livermore2-Vars5-23,compatible,
sr,dso,Livermore2-Vars5-23,Livermore2-Vars5-23,compatible,
sr,symbolicgpt,Livermore2-Vars5-23,Livermore2-Vars5-23,compatible,
sr,gplearn,Livermore2-Vars5-23,Livermore2-Vars5-23,compatible,
sr,physo,Livermore2-Vars5-23,Livermore2-Vars5-23,compatible,
sr,pysr,Livermore2-Vars5-23,Livermore2-Vars5-23,compatible,
sr,llmsr,Livermore2-Vars5-23,Livermore2-Vars5-23,compatible,
sr,pyoperon,Livermore2-Vars5-23,Livermore2-Vars5-23,error,ModuleNotFoundError: No module named 'pyoperon'
sr,dscv,Livermore2-Vars5-24,Livermore2-Vars5-24,compatible,
sr,dso,Livermore2-Vars5-24,Livermore2-Vars5-24,compatible,
sr,symbolicgpt,Livermore2-Vars5-24,Livermore2-Vars5-24,compatible,
sr,gplearn,Livermore2-Vars5-24,Livermore2-Vars5-24,compatible,
sr,physo,Livermore2-Vars5-24,Livermore2-Vars5-24,compatible,
sr,pysr,Livermore2-Vars5-24,Livermore2-Vars5-24,compatible,
sr,llmsr,Livermore2-Vars5-24,Livermore2-Vars5-24,compatible,
sr,pyoperon,Livermore2-Vars5-24,Livermore2-Vars5-24,error,ModuleNotFoundError: No module named 'pyoperon'
sr,dscv,Livermore2-Vars5-25,Livermore2-Vars5-25,compatible,
sr,dso,Livermore2-Vars5-25,Livermore2-Vars5-25,compatible,
sr,symbolicgpt,Livermore2-Vars5-25,Livermore2-Vars5-25,compatible,
sr,gplearn,Livermore2-Vars5-25,Livermore2-Vars5-25,compatible,
sr,physo,Livermore2-Vars5-25,Livermore2-Vars5-25,compatible,
sr,pysr,Livermore2-Vars5-25,Livermore2-Vars5-25,compatible,
sr,llmsr,Livermore2-Vars5-25,Livermore2-Vars5-25,compatible,
sr,pyoperon,Livermore2-Vars5-25,Livermore2-Vars5-25,error,ModuleNotFoundError: No module named 'pyoperon'
sr,dscv,Livermore2-Vars5-3,Livermore2-Vars5-3,compatible,
sr,dso,Livermore2-Vars5-3,Livermore2-Vars5-3,compatible,
sr,symbolicgpt,Livermore2-Vars5-3,Livermore2-Vars5-3,compatible,
sr,gplearn,Livermore2-Vars5-3,Livermore2-Vars5-3,compatible,
sr,physo,Livermore2-Vars5-3,Livermore2-Vars5-3,compatible,
sr,pysr,Livermore2-Vars5-3,Livermore2-Vars5-3,compatible,
sr,llmsr,Livermore2-Vars5-3,Livermore2-Vars5-3,compatible,
sr,pyoperon,Livermore2-Vars5-3,Livermore2-Vars5-3,error,ModuleNotFoundError: No module named 'pyoperon'
sr,dscv,Livermore2-Vars5-4,Livermore2-Vars5-4,compatible,
sr,dso,Livermore2-Vars5-4,Livermore2-Vars5-4,compatible,
sr,symbolicgpt,Livermore2-Vars5-4,Livermore2-Vars5-4,compatible,
sr,gplearn,Livermore2-Vars5-4,Livermore2-Vars5-4,compatible,
sr,physo,Livermore2-Vars5-4,Livermore2-Vars5-4,compatible,
sr,pysr,Livermore2-Vars5-4,Livermore2-Vars5-4,compatible,
sr,llmsr,Livermore2-Vars5-4,Livermore2-Vars5-4,compatible,
sr,pyoperon,Livermore2-Vars5-4,Livermore2-Vars5-4,error,ModuleNotFoundError: No module named 'pyoperon'
sr,dscv,Livermore2-Vars5-5,Livermore2-Vars5-5,compatible,
sr,dso,Livermore2-Vars5-5,Livermore2-Vars5-5,compatible,
sr,symbolicgpt,Livermore2-Vars5-5,Livermore2-Vars5-5,compatible,
sr,gplearn,Livermore2-Vars5-5,Livermore2-Vars5-5,compatible,
sr,physo,Livermore2-Vars5-5,Livermore2-Vars5-5,compatible,
sr,pysr,Livermore2-Vars5-5,Livermore2-Vars5-5,compatible,
sr,llmsr,Livermore2-Vars5-5,Livermore2-Vars5-5,compatible,
sr,pyoperon,Livermore2-Vars5-5,Livermore2-Vars5-5,error,ModuleNotFoundError: No module named 'pyoperon'
sr,dscv,Livermore2-Vars5-6,Livermore2-Vars5-6,compatible,
sr,dso,Livermore2-Vars5-6,Livermore2-Vars5-6,compatible,
sr,symbolicgpt,Livermore2-Vars5-6,Livermore2-Vars5-6,compatible,
sr,gplearn,Livermore2-Vars5-6,Livermore2-Vars5-6,compatible,
sr,physo,Livermore2-Vars5-6,Livermore2-Vars5-6,compatible,
sr,pysr,Livermore2-Vars5-6,Livermore2-Vars5-6,compatible,
sr,llmsr,Livermore2-Vars5-6,Livermore2-Vars5-6,compatible,
sr,pyoperon,Livermore2-Vars5-6,Livermore2-Vars5-6,error,ModuleNotFoundError: No module named 'pyoperon'
sr,dscv,Livermore2-Vars5-7,Livermore2-Vars5-7,compatible,
sr,dso,Livermore2-Vars5-7,Livermore2-Vars5-7,compatible,
sr,symbolicgpt,Livermore2-Vars5-7,Livermore2-Vars5-7,compatible,
sr,gplearn,Livermore2-Vars5-7,Livermore2-Vars5-7,compatible,
sr,physo,Livermore2-Vars5-7,Livermore2-Vars5-7,compatible,
sr,pysr,Livermore2-Vars5-7,Livermore2-Vars5-7,compatible,
sr,llmsr,Livermore2-Vars5-7,Livermore2-Vars5-7,compatible,
sr,pyoperon,Livermore2-Vars5-7,Livermore2-Vars5-7,error,ModuleNotFoundError: No module named 'pyoperon'
sr,dscv,Livermore2-Vars5-8,Livermore2-Vars5-8,compatible,
sr,dso,Livermore2-Vars5-8,Livermore2-Vars5-8,compatible,
sr,symbolicgpt,Livermore2-Vars5-8,Livermore2-Vars5-8,compatible,
sr,gplearn,Livermore2-Vars5-8,Livermore2-Vars5-8,compatible,
sr,physo,Livermore2-Vars5-8,Livermore2-Vars5-8,compatible,
sr,pysr,Livermore2-Vars5-8,Livermore2-Vars5-8,compatible,
sr,llmsr,Livermore2-Vars5-8,Livermore2-Vars5-8,compatible,
sr,pyoperon,Livermore2-Vars5-8,Livermore2-Vars5-8,error,ModuleNotFoundError: No module named 'pyoperon'
sr,dscv,Livermore2-Vars5-9,Livermore2-Vars5-9,compatible,
sr,dso,Livermore2-Vars5-9,Livermore2-Vars5-9,compatible,
sr,symbolicgpt,Livermore2-Vars5-9,Livermore2-Vars5-9,compatible,
sr,gplearn,Livermore2-Vars5-9,Livermore2-Vars5-9,compatible,
sr,physo,Livermore2-Vars5-9,Livermore2-Vars5-9,compatible,
sr,pysr,Livermore2-Vars5-9,Livermore2-Vars5-9,compatible,
sr,llmsr,Livermore2-Vars5-9,Livermore2-Vars5-9,compatible,
sr,pyoperon,Livermore2-Vars5-9,Livermore2-Vars5-9,error,ModuleNotFoundError: No module named 'pyoperon'
sr,dscv,Livermore2-Vars6-1,Livermore2-Vars6-1,compatible,
sr,dso,Livermore2-Vars6-1,Livermore2-Vars6-1,compatible,
sr,symbolicgpt,Livermore2-Vars6-1,Livermore2-Vars6-1,compatible,
sr,gplearn,Livermore2-Vars6-1,Livermore2-Vars6-1,compatible,
sr,physo,Livermore2-Vars6-1,Livermore2-Vars6-1,compatible,
sr,pysr,Livermore2-Vars6-1,Livermore2-Vars6-1,compatible,
sr,llmsr,Livermore2-Vars6-1,Livermore2-Vars6-1,compatible,
sr,pyoperon,Livermore2-Vars6-1,Livermore2-Vars6-1,error,ModuleNotFoundError: No module named 'pyoperon'
sr,dscv,Livermore2-Vars6-10,Livermore2-Vars6-10,compatible,
sr,dso,Livermore2-Vars6-10,Livermore2-Vars6-10,compatible,
sr,symbolicgpt,Livermore2-Vars6-10,Livermore2-Vars6-10,compatible,
sr,gplearn,Livermore2-Vars6-10,Livermore2-Vars6-10,compatible,
sr,physo,Livermore2-Vars6-10,Livermore2-Vars6-10,compatible,
sr,pysr,Livermore2-Vars6-10,Livermore2-Vars6-10,compatible,
sr,llmsr,Livermore2-Vars6-10,Livermore2-Vars6-10,compatible,
sr,pyoperon,Livermore2-Vars6-10,Livermore2-Vars6-10,error,ModuleNotFoundError: No module named 'pyoperon'
sr,dscv,Livermore2-Vars6-11,Livermore2-Vars6-11,compatible,
sr,dso,Livermore2-Vars6-11,Livermore2-Vars6-11,compatible,
sr,symbolicgpt,Livermore2-Vars6-11,Livermore2-Vars6-11,compatible,
sr,gplearn,Livermore2-Vars6-11,Livermore2-Vars6-11,compatible,
sr,physo,Livermore2-Vars6-11,Livermore2-Vars6-11,compatible,
sr,pysr,Livermore2-Vars6-11,Livermore2-Vars6-11,compatible,
sr,llmsr,Livermore2-Vars6-11,Livermore2-Vars6-11,compatible,
sr,pyoperon,Livermore2-Vars6-11,Livermore2-Vars6-11,error,ModuleNotFoundError: No module named 'pyoperon'
sr,dscv,Livermore2-Vars6-12,Livermore2-Vars6-12,compatible,
sr,dso,Livermore2-Vars6-12,Livermore2-Vars6-12,compatible,
sr,symbolicgpt,Livermore2-Vars6-12,Livermore2-Vars6-12,compatible,
sr,gplearn,Livermore2-Vars6-12,Livermore2-Vars6-12,compatible,
sr,physo,Livermore2-Vars6-12,Livermore2-Vars6-12,compatible,
sr,pysr,Livermore2-Vars6-12,Livermore2-Vars6-12,compatible,
sr,llmsr,Livermore2-Vars6-12,Livermore2-Vars6-12,compatible,
sr,pyoperon,Livermore2-Vars6-12,Livermore2-Vars6-12,error,ModuleNotFoundError: No module named 'pyoperon'
sr,dscv,Livermore2-Vars6-13,Livermore2-Vars6-13,compatible,
sr,dso,Livermore2-Vars6-13,Livermore2-Vars6-13,compatible,
sr,symbolicgpt,Livermore2-Vars6-13,Livermore2-Vars6-13,compatible,
sr,gplearn,Livermore2-Vars6-13,Livermore2-Vars6-13,compatible,
sr,physo,Livermore2-Vars6-13,Livermore2-Vars6-13,compatible,
sr,pysr,Livermore2-Vars6-13,Livermore2-Vars6-13,compatible,
sr,llmsr,Livermore2-Vars6-13,Livermore2-Vars6-13,compatible,
sr,pyoperon,Livermore2-Vars6-13,Livermore2-Vars6-13,error,ModuleNotFoundError: No module named 'pyoperon'
sr,dscv,Livermore2-Vars6-14,Livermore2-Vars6-14,compatible,
sr,dso,Livermore2-Vars6-14,Livermore2-Vars6-14,compatible,
sr,symbolicgpt,Livermore2-Vars6-14,Livermore2-Vars6-14,compatible,
sr,gplearn,Livermore2-Vars6-14,Livermore2-Vars6-14,compatible,
sr,physo,Livermore2-Vars6-14,Livermore2-Vars6-14,compatible,
sr,pysr,Livermore2-Vars6-14,Livermore2-Vars6-14,compatible,
sr,llmsr,Livermore2-Vars6-14,Livermore2-Vars6-14,compatible,
sr,pyoperon,Livermore2-Vars6-14,Livermore2-Vars6-14,error,ModuleNotFoundError: No module named 'pyoperon'
sr,dscv,Livermore2-Vars6-15,Livermore2-Vars6-15,compatible,
sr,dso,Livermore2-Vars6-15,Livermore2-Vars6-15,compatible,
sr,symbolicgpt,Livermore2-Vars6-15,Livermore2-Vars6-15,compatible,
sr,gplearn,Livermore2-Vars6-15,Livermore2-Vars6-15,compatible,
sr,physo,Livermore2-Vars6-15,Livermore2-Vars6-15,compatible,
sr,pysr,Livermore2-Vars6-15,Livermore2-Vars6-15,compatible,
sr,llmsr,Livermore2-Vars6-15,Livermore2-Vars6-15,compatible,
sr,pyoperon,Livermore2-Vars6-15,Livermore2-Vars6-15,error,ModuleNotFoundError: No module named 'pyoperon'
sr,dscv,Livermore2-Vars6-16,Livermore2-Vars6-16,compatible,
sr,dso,Livermore2-Vars6-16,Livermore2-Vars6-16,compatible,
sr,symbolicgpt,Livermore2-Vars6-16,Livermore2-Vars6-16,compatible,
sr,gplearn,Livermore2-Vars6-16,Livermore2-Vars6-16,compatible,
sr,physo,Livermore2-Vars6-16,Livermore2-Vars6-16,compatible,
sr,pysr,Livermore2-Vars6-16,Livermore2-Vars6-16,compatible,
sr,llmsr,Livermore2-Vars6-16,Livermore2-Vars6-16,compatible,
sr,pyoperon,Livermore2-Vars6-16,Livermore2-Vars6-16,error,ModuleNotFoundError: No module named 'pyoperon'
sr,dscv,Livermore2-Vars6-17,Livermore2-Vars6-17,compatible,
sr,dso,Livermore2-Vars6-17,Livermore2-Vars6-17,compatible,
sr,symbolicgpt,Livermore2-Vars6-17,Livermore2-Vars6-17,compatible,
sr,gplearn,Livermore2-Vars6-17,Livermore2-Vars6-17,compatible,
sr,physo,Livermore2-Vars6-17,Livermore2-Vars6-17,compatible,
sr,pysr,Livermore2-Vars6-17,Livermore2-Vars6-17,compatible,
sr,llmsr,Livermore2-Vars6-17,Livermore2-Vars6-17,compatible,
sr,pyoperon,Livermore2-Vars6-17,Livermore2-Vars6-17,error,ModuleNotFoundError: No module named 'pyoperon'
sr,dscv,Livermore2-Vars6-18,Livermore2-Vars6-18,compatible,
sr,dso,Livermore2-Vars6-18,Livermore2-Vars6-18,compatible,
sr,symbolicgpt,Livermore2-Vars6-18,Livermore2-Vars6-18,compatible,
sr,gplearn,Livermore2-Vars6-18,Livermore2-Vars6-18,compatible,
sr,physo,Livermore2-Vars6-18,Livermore2-Vars6-18,compatible,
sr,pysr,Livermore2-Vars6-18,Livermore2-Vars6-18,compatible,
sr,llmsr,Livermore2-Vars6-18,Livermore2-Vars6-18,compatible,
sr,pyoperon,Livermore2-Vars6-18,Livermore2-Vars6-18,error,ModuleNotFoundError: No module named 'pyoperon'
sr,dscv,Livermore2-Vars6-19,Livermore2-Vars6-19,compatible,
sr,dso,Livermore2-Vars6-19,Livermore2-Vars6-19,compatible,
sr,symbolicgpt,Livermore2-Vars6-19,Livermore2-Vars6-19,compatible,
sr,gplearn,Livermore2-Vars6-19,Livermore2-Vars6-19,compatible,
sr,physo,Livermore2-Vars6-19,Livermore2-Vars6-19,compatible,
sr,pysr,Livermore2-Vars6-19,Livermore2-Vars6-19,compatible,
sr,llmsr,Livermore2-Vars6-19,Livermore2-Vars6-19,compatible,
sr,pyoperon,Livermore2-Vars6-19,Livermore2-Vars6-19,error,ModuleNotFoundError: No module named 'pyoperon'
sr,dscv,Livermore2-Vars6-2,Livermore2-Vars6-2,compatible,
sr,dso,Livermore2-Vars6-2,Livermore2-Vars6-2,compatible,
sr,symbolicgpt,Livermore2-Vars6-2,Livermore2-Vars6-2,compatible,
sr,gplearn,Livermore2-Vars6-2,Livermore2-Vars6-2,compatible,
sr,physo,Livermore2-Vars6-2,Livermore2-Vars6-2,compatible,
sr,pysr,Livermore2-Vars6-2,Livermore2-Vars6-2,compatible,
sr,llmsr,Livermore2-Vars6-2,Livermore2-Vars6-2,compatible,
sr,pyoperon,Livermore2-Vars6-2,Livermore2-Vars6-2,error,ModuleNotFoundError: No module named 'pyoperon'
sr,dscv,Livermore2-Vars6-20,Livermore2-Vars6-20,compatible,
sr,dso,Livermore2-Vars6-20,Livermore2-Vars6-20,compatible,
sr,symbolicgpt,Livermore2-Vars6-20,Livermore2-Vars6-20,compatible,
sr,gplearn,Livermore2-Vars6-20,Livermore2-Vars6-20,compatible,
sr,physo,Livermore2-Vars6-20,Livermore2-Vars6-20,compatible,
sr,pysr,Livermore2-Vars6-20,Livermore2-Vars6-20,compatible,
sr,llmsr,Livermore2-Vars6-20,Livermore2-Vars6-20,compatible,
sr,pyoperon,Livermore2-Vars6-20,Livermore2-Vars6-20,error,ModuleNotFoundError: No module named 'pyoperon'
sr,dscv,Livermore2-Vars6-21,Livermore2-Vars6-21,compatible,
sr,dso,Livermore2-Vars6-21,Livermore2-Vars6-21,compatible,
sr,symbolicgpt,Livermore2-Vars6-21,Livermore2-Vars6-21,compatible,
sr,gplearn,Livermore2-Vars6-21,Livermore2-Vars6-21,compatible,
sr,physo,Livermore2-Vars6-21,Livermore2-Vars6-21,compatible,
sr,pysr,Livermore2-Vars6-21,Livermore2-Vars6-21,compatible,
sr,llmsr,Livermore2-Vars6-21,Livermore2-Vars6-21,compatible,
sr,pyoperon,Livermore2-Vars6-21,Livermore2-Vars6-21,error,ModuleNotFoundError: No module named 'pyoperon'
sr,dscv,Livermore2-Vars6-22,Livermore2-Vars6-22,compatible,
sr,dso,Livermore2-Vars6-22,Livermore2-Vars6-22,compatible,
sr,symbolicgpt,Livermore2-Vars6-22,Livermore2-Vars6-22,compatible,
sr,gplearn,Livermore2-Vars6-22,Livermore2-Vars6-22,compatible,
sr,physo,Livermore2-Vars6-22,Livermore2-Vars6-22,compatible,
sr,pysr,Livermore2-Vars6-22,Livermore2-Vars6-22,compatible,
sr,llmsr,Livermore2-Vars6-22,Livermore2-Vars6-22,compatible,
sr,pyoperon,Livermore2-Vars6-22,Livermore2-Vars6-22,error,ModuleNotFoundError: No module named 'pyoperon'
sr,dscv,Livermore2-Vars6-23,Livermore2-Vars6-23,compatible,
sr,dso,Livermore2-Vars6-23,Livermore2-Vars6-23,compatible,
sr,symbolicgpt,Livermore2-Vars6-23,Livermore2-Vars6-23,compatible,
sr,gplearn,Livermore2-Vars6-23,Livermore2-Vars6-23,compatible,
sr,physo,Livermore2-Vars6-23,Livermore2-Vars6-23,compatible,
sr,pysr,Livermore2-Vars6-23,Livermore2-Vars6-23,compatible,
sr,llmsr,Livermore2-Vars6-23,Livermore2-Vars6-23,compatible,
sr,pyoperon,Livermore2-Vars6-23,Livermore2-Vars6-23,error,ModuleNotFoundError: No module named 'pyoperon'
sr,dscv,Livermore2-Vars6-24,Livermore2-Vars6-24,compatible,
sr,dso,Livermore2-Vars6-24,Livermore2-Vars6-24,compatible,
sr,symbolicgpt,Livermore2-Vars6-24,Livermore2-Vars6-24,compatible,
sr,gplearn,Livermore2-Vars6-24,Livermore2-Vars6-24,compatible,
sr,physo,Livermore2-Vars6-24,Livermore2-Vars6-24,compatible,
sr,pysr,Livermore2-Vars6-24,Livermore2-Vars6-24,compatible,
sr,llmsr,Livermore2-Vars6-24,Livermore2-Vars6-24,compatible,
sr,pyoperon,Livermore2-Vars6-24,Livermore2-Vars6-24,error,ModuleNotFoundError: No module named 'pyoperon'
sr,dscv,Livermore2-Vars6-25,Livermore2-Vars6-25,compatible,
sr,dso,Livermore2-Vars6-25,Livermore2-Vars6-25,compatible,
sr,symbolicgpt,Livermore2-Vars6-25,Livermore2-Vars6-25,compatible,
sr,gplearn,Livermore2-Vars6-25,Livermore2-Vars6-25,compatible,
sr,physo,Livermore2-Vars6-25,Livermore2-Vars6-25,compatible,
sr,pysr,Livermore2-Vars6-25,Livermore2-Vars6-25,compatible,
sr,llmsr,Livermore2-Vars6-25,Livermore2-Vars6-25,compatible,
sr,pyoperon,Livermore2-Vars6-25,Livermore2-Vars6-25,error,ModuleNotFoundError: No module named 'pyoperon'
sr,dscv,Livermore2-Vars6-3,Livermore2-Vars6-3,compatible,
sr,dso,Livermore2-Vars6-3,Livermore2-Vars6-3,compatible,
sr,symbolicgpt,Livermore2-Vars6-3,Livermore2-Vars6-3,compatible,
sr,gplearn,Livermore2-Vars6-3,Livermore2-Vars6-3,compatible,
sr,physo,Livermore2-Vars6-3,Livermore2-Vars6-3,compatible,
sr,pysr,Livermore2-Vars6-3,Livermore2-Vars6-3,compatible,
sr,llmsr,Livermore2-Vars6-3,Livermore2-Vars6-3,compatible,
sr,pyoperon,Livermore2-Vars6-3,Livermore2-Vars6-3,error,ModuleNotFoundError: No module named 'pyoperon'
sr,dscv,Livermore2-Vars6-4,Livermore2-Vars6-4,compatible,
sr,dso,Livermore2-Vars6-4,Livermore2-Vars6-4,compatible,
sr,symbolicgpt,Livermore2-Vars6-4,Livermore2-Vars6-4,compatible,
sr,gplearn,Livermore2-Vars6-4,Livermore2-Vars6-4,compatible,
sr,physo,Livermore2-Vars6-4,Livermore2-Vars6-4,compatible,
sr,pysr,Livermore2-Vars6-4,Livermore2-Vars6-4,compatible,
sr,llmsr,Livermore2-Vars6-4,Livermore2-Vars6-4,compatible,
sr,pyoperon,Livermore2-Vars6-4,Livermore2-Vars6-4,error,ModuleNotFoundError: No module named 'pyoperon'
sr,dscv,Livermore2-Vars6-5,Livermore2-Vars6-5,compatible,
sr,dso,Livermore2-Vars6-5,Livermore2-Vars6-5,compatible,
sr,symbolicgpt,Livermore2-Vars6-5,Livermore2-Vars6-5,compatible,
sr,gplearn,Livermore2-Vars6-5,Livermore2-Vars6-5,compatible,
sr,physo,Livermore2-Vars6-5,Livermore2-Vars6-5,compatible,
sr,pysr,Livermore2-Vars6-5,Livermore2-Vars6-5,compatible,
sr,llmsr,Livermore2-Vars6-5,Livermore2-Vars6-5,compatible,
sr,pyoperon,Livermore2-Vars6-5,Livermore2-Vars6-5,error,ModuleNotFoundError: No module named 'pyoperon'
sr,dscv,Livermore2-Vars6-6,Livermore2-Vars6-6,compatible,
sr,dso,Livermore2-Vars6-6,Livermore2-Vars6-6,compatible,
sr,symbolicgpt,Livermore2-Vars6-6,Livermore2-Vars6-6,compatible,
sr,gplearn,Livermore2-Vars6-6,Livermore2-Vars6-6,compatible,
sr,physo,Livermore2-Vars6-6,Livermore2-Vars6-6,compatible,
sr,pysr,Livermore2-Vars6-6,Livermore2-Vars6-6,compatible,
sr,llmsr,Livermore2-Vars6-6,Livermore2-Vars6-6,compatible,
sr,pyoperon,Livermore2-Vars6-6,Livermore2-Vars6-6,error,ModuleNotFoundError: No module named 'pyoperon'
sr,dscv,Livermore2-Vars6-7,Livermore2-Vars6-7,compatible,
sr,dso,Livermore2-Vars6-7,Livermore2-Vars6-7,compatible,
sr,symbolicgpt,Livermore2-Vars6-7,Livermore2-Vars6-7,compatible,
sr,gplearn,Livermore2-Vars6-7,Livermore2-Vars6-7,compatible,
sr,physo,Livermore2-Vars6-7,Livermore2-Vars6-7,compatible,
sr,pysr,Livermore2-Vars6-7,Livermore2-Vars6-7,compatible,
sr,llmsr,Livermore2-Vars6-7,Livermore2-Vars6-7,compatible,
sr,pyoperon,Livermore2-Vars6-7,Livermore2-Vars6-7,error,ModuleNotFoundError: No module named 'pyoperon'
sr,dscv,Livermore2-Vars6-8,Livermore2-Vars6-8,compatible,
sr,dso,Livermore2-Vars6-8,Livermore2-Vars6-8,compatible,
sr,symbolicgpt,Livermore2-Vars6-8,Livermore2-Vars6-8,compatible,
sr,gplearn,Livermore2-Vars6-8,Livermore2-Vars6-8,compatible,
sr,physo,Livermore2-Vars6-8,Livermore2-Vars6-8,compatible,
sr,pysr,Livermore2-Vars6-8,Livermore2-Vars6-8,compatible,
sr,llmsr,Livermore2-Vars6-8,Livermore2-Vars6-8,compatible,
sr,pyoperon,Livermore2-Vars6-8,Livermore2-Vars6-8,error,ModuleNotFoundError: No module named 'pyoperon'
sr,dscv,Livermore2-Vars6-9,Livermore2-Vars6-9,compatible,
sr,dso,Livermore2-Vars6-9,Livermore2-Vars6-9,compatible,
sr,symbolicgpt,Livermore2-Vars6-9,Livermore2-Vars6-9,compatible,
sr,gplearn,Livermore2-Vars6-9,Livermore2-Vars6-9,compatible,
sr,physo,Livermore2-Vars6-9,Livermore2-Vars6-9,compatible,
sr,pysr,Livermore2-Vars6-9,Livermore2-Vars6-9,compatible,
sr,llmsr,Livermore2-Vars6-9,Livermore2-Vars6-9,compatible,
sr,pyoperon,Livermore2-Vars6-9,Livermore2-Vars6-9,error,ModuleNotFoundError: No module named 'pyoperon'
sr,dscv,Livermore2-Vars7-1,Livermore2-Vars7-1,compatible,
sr,dso,Livermore2-Vars7-1,Livermore2-Vars7-1,compatible,
sr,symbolicgpt,Livermore2-Vars7-1,Livermore2-Vars7-1,compatible,
sr,gplearn,Livermore2-Vars7-1,Livermore2-Vars7-1,compatible,
sr,physo,Livermore2-Vars7-1,Livermore2-Vars7-1,compatible,
sr,pysr,Livermore2-Vars7-1,Livermore2-Vars7-1,compatible,
sr,llmsr,Livermore2-Vars7-1,Livermore2-Vars7-1,compatible,
sr,pyoperon,Livermore2-Vars7-1,Livermore2-Vars7-1,error,ModuleNotFoundError: No module named 'pyoperon'
sr,dscv,Livermore2-Vars7-10,Livermore2-Vars7-10,compatible,
sr,dso,Livermore2-Vars7-10,Livermore2-Vars7-10,compatible,
sr,symbolicgpt,Livermore2-Vars7-10,Livermore2-Vars7-10,compatible,
sr,gplearn,Livermore2-Vars7-10,Livermore2-Vars7-10,compatible,
sr,physo,Livermore2-Vars7-10,Livermore2-Vars7-10,compatible,
sr,pysr,Livermore2-Vars7-10,Livermore2-Vars7-10,compatible,
sr,llmsr,Livermore2-Vars7-10,Livermore2-Vars7-10,compatible,
sr,pyoperon,Livermore2-Vars7-10,Livermore2-Vars7-10,error,ModuleNotFoundError: No module named 'pyoperon'
sr,dscv,Livermore2-Vars7-11,Livermore2-Vars7-11,compatible,
sr,dso,Livermore2-Vars7-11,Livermore2-Vars7-11,compatible,
sr,symbolicgpt,Livermore2-Vars7-11,Livermore2-Vars7-11,compatible,
sr,gplearn,Livermore2-Vars7-11,Livermore2-Vars7-11,compatible,
sr,physo,Livermore2-Vars7-11,Livermore2-Vars7-11,compatible,
sr,pysr,Livermore2-Vars7-11,Livermore2-Vars7-11,compatible,
sr,llmsr,Livermore2-Vars7-11,Livermore2-Vars7-11,compatible,
sr,pyoperon,Livermore2-Vars7-11,Livermore2-Vars7-11,error,ModuleNotFoundError: No module named 'pyoperon'
sr,dscv,Livermore2-Vars7-12,Livermore2-Vars7-12,compatible,
sr,dso,Livermore2-Vars7-12,Livermore2-Vars7-12,compatible,
sr,symbolicgpt,Livermore2-Vars7-12,Livermore2-Vars7-12,compatible,
sr,gplearn,Livermore2-Vars7-12,Livermore2-Vars7-12,compatible,
sr,physo,Livermore2-Vars7-12,Livermore2-Vars7-12,compatible,
sr,pysr,Livermore2-Vars7-12,Livermore2-Vars7-12,compatible,
sr,llmsr,Livermore2-Vars7-12,Livermore2-Vars7-12,compatible,
sr,pyoperon,Livermore2-Vars7-12,Livermore2-Vars7-12,error,ModuleNotFoundError: No module named 'pyoperon'
sr,dscv,Livermore2-Vars7-13,Livermore2-Vars7-13,compatible,
sr,dso,Livermore2-Vars7-13,Livermore2-Vars7-13,compatible,
sr,symbolicgpt,Livermore2-Vars7-13,Livermore2-Vars7-13,compatible,
sr,gplearn,Livermore2-Vars7-13,Livermore2-Vars7-13,compatible,
sr,physo,Livermore2-Vars7-13,Livermore2-Vars7-13,compatible,
sr,pysr,Livermore2-Vars7-13,Livermore2-Vars7-13,compatible,
sr,llmsr,Livermore2-Vars7-13,Livermore2-Vars7-13,compatible,
sr,pyoperon,Livermore2-Vars7-13,Livermore2-Vars7-13,error,ModuleNotFoundError: No module named 'pyoperon'
sr,dscv,Livermore2-Vars7-14,Livermore2-Vars7-14,compatible,
sr,dso,Livermore2-Vars7-14,Livermore2-Vars7-14,compatible,
sr,symbolicgpt,Livermore2-Vars7-14,Livermore2-Vars7-14,compatible,
sr,gplearn,Livermore2-Vars7-14,Livermore2-Vars7-14,compatible,
sr,physo,Livermore2-Vars7-14,Livermore2-Vars7-14,compatible,
sr,pysr,Livermore2-Vars7-14,Livermore2-Vars7-14,compatible,
sr,llmsr,Livermore2-Vars7-14,Livermore2-Vars7-14,compatible,
sr,pyoperon,Livermore2-Vars7-14,Livermore2-Vars7-14,error,ModuleNotFoundError: No module named 'pyoperon'
sr,dscv,Livermore2-Vars7-15,Livermore2-Vars7-15,compatible,
sr,dso,Livermore2-Vars7-15,Livermore2-Vars7-15,compatible,
sr,symbolicgpt,Livermore2-Vars7-15,Livermore2-Vars7-15,compatible,
sr,gplearn,Livermore2-Vars7-15,Livermore2-Vars7-15,compatible,
sr,physo,Livermore2-Vars7-15,Livermore2-Vars7-15,compatible,
sr,pysr,Livermore2-Vars7-15,Livermore2-Vars7-15,compatible,
sr,llmsr,Livermore2-Vars7-15,Livermore2-Vars7-15,compatible,
sr,pyoperon,Livermore2-Vars7-15,Livermore2-Vars7-15,error,ModuleNotFoundError: No module named 'pyoperon'
sr,dscv,Livermore2-Vars7-16,Livermore2-Vars7-16,compatible,
sr,dso,Livermore2-Vars7-16,Livermore2-Vars7-16,compatible,
sr,symbolicgpt,Livermore2-Vars7-16,Livermore2-Vars7-16,compatible,
sr,gplearn,Livermore2-Vars7-16,Livermore2-Vars7-16,compatible,
sr,physo,Livermore2-Vars7-16,Livermore2-Vars7-16,compatible,
sr,pysr,Livermore2-Vars7-16,Livermore2-Vars7-16,compatible,
sr,llmsr,Livermore2-Vars7-16,Livermore2-Vars7-16,compatible,
sr,pyoperon,Livermore2-Vars7-16,Livermore2-Vars7-16,error,ModuleNotFoundError: No module named 'pyoperon'
sr,dscv,Livermore2-Vars7-17,Livermore2-Vars7-17,compatible,
sr,dso,Livermore2-Vars7-17,Livermore2-Vars7-17,compatible,
sr,symbolicgpt,Livermore2-Vars7-17,Livermore2-Vars7-17,compatible,
sr,gplearn,Livermore2-Vars7-17,Livermore2-Vars7-17,compatible,
sr,physo,Livermore2-Vars7-17,Livermore2-Vars7-17,compatible,
sr,pysr,Livermore2-Vars7-17,Livermore2-Vars7-17,compatible,
sr,llmsr,Livermore2-Vars7-17,Livermore2-Vars7-17,compatible,
sr,pyoperon,Livermore2-Vars7-17,Livermore2-Vars7-17,error,ModuleNotFoundError: No module named 'pyoperon'
sr,dscv,Livermore2-Vars7-18,Livermore2-Vars7-18,compatible,
sr,dso,Livermore2-Vars7-18,Livermore2-Vars7-18,compatible,
sr,symbolicgpt,Livermore2-Vars7-18,Livermore2-Vars7-18,compatible,
sr,gplearn,Livermore2-Vars7-18,Livermore2-Vars7-18,compatible,
sr,physo,Livermore2-Vars7-18,Livermore2-Vars7-18,compatible,
sr,pysr,Livermore2-Vars7-18,Livermore2-Vars7-18,compatible,
sr,llmsr,Livermore2-Vars7-18,Livermore2-Vars7-18,compatible,
sr,pyoperon,Livermore2-Vars7-18,Livermore2-Vars7-18,error,ModuleNotFoundError: No module named 'pyoperon'
sr,dscv,Livermore2-Vars7-19,Livermore2-Vars7-19,compatible,
sr,dso,Livermore2-Vars7-19,Livermore2-Vars7-19,compatible,
sr,symbolicgpt,Livermore2-Vars7-19,Livermore2-Vars7-19,compatible,
sr,gplearn,Livermore2-Vars7-19,Livermore2-Vars7-19,compatible,
sr,physo,Livermore2-Vars7-19,Livermore2-Vars7-19,compatible,
sr,pysr,Livermore2-Vars7-19,Livermore2-Vars7-19,compatible,
sr,llmsr,Livermore2-Vars7-19,Livermore2-Vars7-19,compatible,
sr,pyoperon,Livermore2-Vars7-19,Livermore2-Vars7-19,error,ModuleNotFoundError: No module named 'pyoperon'
sr,dscv,Livermore2-Vars7-2,Livermore2-Vars7-2,compatible,
sr,dso,Livermore2-Vars7-2,Livermore2-Vars7-2,compatible,
sr,symbolicgpt,Livermore2-Vars7-2,Livermore2-Vars7-2,compatible,
sr,gplearn,Livermore2-Vars7-2,Livermore2-Vars7-2,compatible,
sr,physo,Livermore2-Vars7-2,Livermore2-Vars7-2,compatible,
sr,pysr,Livermore2-Vars7-2,Livermore2-Vars7-2,compatible,
sr,llmsr,Livermore2-Vars7-2,Livermore2-Vars7-2,compatible,
sr,pyoperon,Livermore2-Vars7-2,Livermore2-Vars7-2,error,ModuleNotFoundError: No module named 'pyoperon'
sr,dscv,Livermore2-Vars7-20,Livermore2-Vars7-20,compatible,
sr,dso,Livermore2-Vars7-20,Livermore2-Vars7-20,compatible,
sr,symbolicgpt,Livermore2-Vars7-20,Livermore2-Vars7-20,compatible,
sr,gplearn,Livermore2-Vars7-20,Livermore2-Vars7-20,compatible,
sr,physo,Livermore2-Vars7-20,Livermore2-Vars7-20,compatible,
sr,pysr,Livermore2-Vars7-20,Livermore2-Vars7-20,compatible,
sr,llmsr,Livermore2-Vars7-20,Livermore2-Vars7-20,compatible,
sr,pyoperon,Livermore2-Vars7-20,Livermore2-Vars7-20,error,ModuleNotFoundError: No module named 'pyoperon'
sr,dscv,Livermore2-Vars7-21,Livermore2-Vars7-21,compatible,
sr,dso,Livermore2-Vars7-21,Livermore2-Vars7-21,compatible,
sr,symbolicgpt,Livermore2-Vars7-21,Livermore2-Vars7-21,compatible,
sr,gplearn,Livermore2-Vars7-21,Livermore2-Vars7-21,compatible,
sr,physo,Livermore2-Vars7-21,Livermore2-Vars7-21,compatible,
sr,pysr,Livermore2-Vars7-21,Livermore2-Vars7-21,compatible,
sr,llmsr,Livermore2-Vars7-21,Livermore2-Vars7-21,compatible,
sr,pyoperon,Livermore2-Vars7-21,Livermore2-Vars7-21,error,ModuleNotFoundError: No module named 'pyoperon'
sr,dscv,Livermore2-Vars7-22,Livermore2-Vars7-22,compatible,
sr,dso,Livermore2-Vars7-22,Livermore2-Vars7-22,compatible,
sr,symbolicgpt,Livermore2-Vars7-22,Livermore2-Vars7-22,compatible,
sr,gplearn,Livermore2-Vars7-22,Livermore2-Vars7-22,compatible,
sr,physo,Livermore2-Vars7-22,Livermore2-Vars7-22,compatible,
sr,pysr,Livermore2-Vars7-22,Livermore2-Vars7-22,compatible,
sr,llmsr,Livermore2-Vars7-22,Livermore2-Vars7-22,compatible,
sr,pyoperon,Livermore2-Vars7-22,Livermore2-Vars7-22,error,ModuleNotFoundError: No module named 'pyoperon'
sr,dscv,Livermore2-Vars7-23,Livermore2-Vars7-23,compatible,
sr,dso,Livermore2-Vars7-23,Livermore2-Vars7-23,compatible,
sr,symbolicgpt,Livermore2-Vars7-23,Livermore2-Vars7-23,compatible,
sr,gplearn,Livermore2-Vars7-23,Livermore2-Vars7-23,compatible,
sr,physo,Livermore2-Vars7-23,Livermore2-Vars7-23,compatible,
sr,pysr,Livermore2-Vars7-23,Livermore2-Vars7-23,compatible,
sr,llmsr,Livermore2-Vars7-23,Livermore2-Vars7-23,compatible,
sr,pyoperon,Livermore2-Vars7-23,Livermore2-Vars7-23,error,ModuleNotFoundError: No module named 'pyoperon'
sr,dscv,Livermore2-Vars7-24,Livermore2-Vars7-24,compatible,
sr,dso,Livermore2-Vars7-24,Livermore2-Vars7-24,compatible,
sr,symbolicgpt,Livermore2-Vars7-24,Livermore2-Vars7-24,compatible,
sr,gplearn,Livermore2-Vars7-24,Livermore2-Vars7-24,compatible,
sr,physo,Livermore2-Vars7-24,Livermore2-Vars7-24,compatible,
sr,pysr,Livermore2-Vars7-24,Livermore2-Vars7-24,compatible,
sr,llmsr,Livermore2-Vars7-24,Livermore2-Vars7-24,compatible,
sr,pyoperon,Livermore2-Vars7-24,Livermore2-Vars7-24,error,ModuleNotFoundError: No module named 'pyoperon'
sr,dscv,Livermore2-Vars7-25,Livermore2-Vars7-25,compatible,
sr,dso,Livermore2-Vars7-25,Livermore2-Vars7-25,compatible,
sr,symbolicgpt,Livermore2-Vars7-25,Livermore2-Vars7-25,compatible,
sr,gplearn,Livermore2-Vars7-25,Livermore2-Vars7-25,compatible,
sr,physo,Livermore2-Vars7-25,Livermore2-Vars7-25,compatible,
sr,pysr,Livermore2-Vars7-25,Livermore2-Vars7-25,compatible,
sr,llmsr,Livermore2-Vars7-25,Livermore2-Vars7-25,compatible,
sr,pyoperon,Livermore2-Vars7-25,Livermore2-Vars7-25,error,ModuleNotFoundError: No module named 'pyoperon'
sr,dscv,Livermore2-Vars7-3,Livermore2-Vars7-3,compatible,
sr,dso,Livermore2-Vars7-3,Livermore2-Vars7-3,compatible,
sr,symbolicgpt,Livermore2-Vars7-3,Livermore2-Vars7-3,compatible,
sr,gplearn,Livermore2-Vars7-3,Livermore2-Vars7-3,compatible,
sr,physo,Livermore2-Vars7-3,Livermore2-Vars7-3,compatible,
sr,pysr,Livermore2-Vars7-3,Livermore2-Vars7-3,compatible,
sr,llmsr,Livermore2-Vars7-3,Livermore2-Vars7-3,compatible,
sr,pyoperon,Livermore2-Vars7-3,Livermore2-Vars7-3,error,ModuleNotFoundError: No module named 'pyoperon'
sr,dscv,Livermore2-Vars7-4,Livermore2-Vars7-4,compatible,
sr,dso,Livermore2-Vars7-4,Livermore2-Vars7-4,compatible,
sr,symbolicgpt,Livermore2-Vars7-4,Livermore2-Vars7-4,compatible,
sr,gplearn,Livermore2-Vars7-4,Livermore2-Vars7-4,compatible,
sr,physo,Livermore2-Vars7-4,Livermore2-Vars7-4,compatible,
sr,pysr,Livermore2-Vars7-4,Livermore2-Vars7-4,compatible,
sr,llmsr,Livermore2-Vars7-4,Livermore2-Vars7-4,compatible,
sr,pyoperon,Livermore2-Vars7-4,Livermore2-Vars7-4,error,ModuleNotFoundError: No module named 'pyoperon'
sr,dscv,Livermore2-Vars7-5,Livermore2-Vars7-5,compatible,
sr,dso,Livermore2-Vars7-5,Livermore2-Vars7-5,compatible,
sr,symbolicgpt,Livermore2-Vars7-5,Livermore2-Vars7-5,compatible,
sr,gplearn,Livermore2-Vars7-5,Livermore2-Vars7-5,compatible,
sr,physo,Livermore2-Vars7-5,Livermore2-Vars7-5,compatible,
sr,pysr,Livermore2-Vars7-5,Livermore2-Vars7-5,compatible,
sr,llmsr,Livermore2-Vars7-5,Livermore2-Vars7-5,compatible,
sr,pyoperon,Livermore2-Vars7-5,Livermore2-Vars7-5,error,ModuleNotFoundError: No module named 'pyoperon'
sr,dscv,Livermore2-Vars7-6,Livermore2-Vars7-6,compatible,
sr,dso,Livermore2-Vars7-6,Livermore2-Vars7-6,compatible,
sr,symbolicgpt,Livermore2-Vars7-6,Livermore2-Vars7-6,compatible,
sr,gplearn,Livermore2-Vars7-6,Livermore2-Vars7-6,compatible,
sr,physo,Livermore2-Vars7-6,Livermore2-Vars7-6,compatible,
sr,pysr,Livermore2-Vars7-6,Livermore2-Vars7-6,compatible,
sr,llmsr,Livermore2-Vars7-6,Livermore2-Vars7-6,compatible,
sr,pyoperon,Livermore2-Vars7-6,Livermore2-Vars7-6,error,ModuleNotFoundError: No module named 'pyoperon'
sr,dscv,Livermore2-Vars7-7,Livermore2-Vars7-7,compatible,
sr,dso,Livermore2-Vars7-7,Livermore2-Vars7-7,compatible,
sr,symbolicgpt,Livermore2-Vars7-7,Livermore2-Vars7-7,compatible,
sr,gplearn,Livermore2-Vars7-7,Livermore2-Vars7-7,compatible,
sr,physo,Livermore2-Vars7-7,Livermore2-Vars7-7,compatible,
sr,pysr,Livermore2-Vars7-7,Livermore2-Vars7-7,compatible,
sr,llmsr,Livermore2-Vars7-7,Livermore2-Vars7-7,compatible,
sr,pyoperon,Livermore2-Vars7-7,Livermore2-Vars7-7,error,ModuleNotFoundError: No module named 'pyoperon'
sr,dscv,Livermore2-Vars7-8,Livermore2-Vars7-8,compatible,
sr,dso,Livermore2-Vars7-8,Livermore2-Vars7-8,compatible,
sr,symbolicgpt,Livermore2-Vars7-8,Livermore2-Vars7-8,compatible,
sr,gplearn,Livermore2-Vars7-8,Livermore2-Vars7-8,compatible,
sr,physo,Livermore2-Vars7-8,Livermore2-Vars7-8,compatible,
sr,pysr,Livermore2-Vars7-8,Livermore2-Vars7-8,compatible,
sr,llmsr,Livermore2-Vars7-8,Livermore2-Vars7-8,compatible,
sr,pyoperon,Livermore2-Vars7-8,Livermore2-Vars7-8,error,ModuleNotFoundError: No module named 'pyoperon'
sr,dscv,Livermore2-Vars7-9,Livermore2-Vars7-9,compatible,
sr,dso,Livermore2-Vars7-9,Livermore2-Vars7-9,compatible,
sr,symbolicgpt,Livermore2-Vars7-9,Livermore2-Vars7-9,compatible,
sr,gplearn,Livermore2-Vars7-9,Livermore2-Vars7-9,compatible,
sr,physo,Livermore2-Vars7-9,Livermore2-Vars7-9,compatible,
sr,pysr,Livermore2-Vars7-9,Livermore2-Vars7-9,compatible,
sr,llmsr,Livermore2-Vars7-9,Livermore2-Vars7-9,compatible,
sr,pyoperon,Livermore2-Vars7-9,Livermore2-Vars7-9,error,ModuleNotFoundError: No module named 'pyoperon'
sr,dscv,Meier-3,Meier-3,compatible,
sr,dso,Meier-3,Meier-3,compatible,
sr,symbolicgpt,Meier-3,Meier-3,compatible,
sr,gplearn,Meier-3,Meier-3,compatible,
sr,physo,Meier-3,Meier-3,compatible,
sr,pysr,Meier-3,Meier-3,compatible,
sr,llmsr,Meier-3,Meier-3,compatible,
sr,pyoperon,Meier-3,Meier-3,error,ModuleNotFoundError: No module named 'pyoperon'
sr,dscv,Meier-4,Meier-4,compatible,
sr,dso,Meier-4,Meier-4,compatible,
sr,symbolicgpt,Meier-4,Meier-4,compatible,
sr,gplearn,Meier-4,Meier-4,compatible,
sr,physo,Meier-4,Meier-4,compatible,
sr,pysr,Meier-4,Meier-4,compatible,
sr,llmsr,Meier-4,Meier-4,compatible,
sr,pyoperon,Meier-4,Meier-4,error,ModuleNotFoundError: No module named 'pyoperon'
sr,dscv,Neat-1,Neat-1,compatible,
sr,dso,Neat-1,Neat-1,compatible,
sr,symbolicgpt,Neat-1,Neat-1,compatible,
sr,gplearn,Neat-1,Neat-1,compatible,
sr,physo,Neat-1,Neat-1,compatible,
sr,pysr,Neat-1,Neat-1,compatible,
sr,llmsr,Neat-1,Neat-1,compatible,
sr,pyoperon,Neat-1,Neat-1,error,ModuleNotFoundError: No module named 'pyoperon'
sr,dscv,Neat-2,Neat-2,compatible,
sr,dso,Neat-2,Neat-2,compatible,
sr,symbolicgpt,Neat-2,Neat-2,compatible,
sr,gplearn,Neat-2,Neat-2,compatible,
sr,physo,Neat-2,Neat-2,compatible,
sr,pysr,Neat-2,Neat-2,compatible,
sr,llmsr,Neat-2,Neat-2,compatible,
sr,pyoperon,Neat-2,Neat-2,error,ModuleNotFoundError: No module named 'pyoperon'
sr,dscv,Neat-3,Neat-3,compatible,
sr,dso,Neat-3,Neat-3,compatible,
sr,symbolicgpt,Neat-3,Neat-3,compatible,
sr,gplearn,Neat-3,Neat-3,compatible,
sr,physo,Neat-3,Neat-3,compatible,
sr,pysr,Neat-3,Neat-3,compatible,
sr,llmsr,Neat-3,Neat-3,compatible,
sr,pyoperon,Neat-3,Neat-3,error,ModuleNotFoundError: No module named 'pyoperon'
sr,dscv,Neat-4,Neat-4,compatible,
sr,dso,Neat-4,Neat-4,compatible,
sr,symbolicgpt,Neat-4,Neat-4,compatible,
sr,gplearn,Neat-4,Neat-4,compatible,
sr,physo,Neat-4,Neat-4,compatible,
sr,pysr,Neat-4,Neat-4,compatible,
sr,llmsr,Neat-4,Neat-4,compatible,
sr,pyoperon,Neat-4,Neat-4,error,ModuleNotFoundError: No module named 'pyoperon'
sr,dscv,Neat-5,Neat-5,compatible,
sr,dso,Neat-5,Neat-5,compatible,
sr,symbolicgpt,Neat-5,Neat-5,compatible,
sr,gplearn,Neat-5,Neat-5,compatible,
sr,physo,Neat-5,Neat-5,compatible,
sr,pysr,Neat-5,Neat-5,compatible,
sr,llmsr,Neat-5,Neat-5,compatible,
sr,pyoperon,Neat-5,Neat-5,error,ModuleNotFoundError: No module named 'pyoperon'
sr,dscv,Neat-6,Neat-6,compatible,
sr,dso,Neat-6,Neat-6,compatible,
sr,symbolicgpt,Neat-6,Neat-6,compatible,
sr,gplearn,Neat-6,Neat-6,compatible,
sr,physo,Neat-6,Neat-6,compatible,
sr,pysr,Neat-6,Neat-6,compatible,
sr,llmsr,Neat-6,Neat-6,compatible,
sr,pyoperon,Neat-6,Neat-6,error,ModuleNotFoundError: No module named 'pyoperon'
sr,dscv,Neat-7,Neat-7,compatible,
sr,dso,Neat-7,Neat-7,compatible,
sr,symbolicgpt,Neat-7,Neat-7,compatible,
sr,gplearn,Neat-7,Neat-7,compatible,
sr,physo,Neat-7,Neat-7,compatible,
sr,pysr,Neat-7,Neat-7,compatible,
sr,llmsr,Neat-7,Neat-7,compatible,
sr,pyoperon,Neat-7,Neat-7,error,ModuleNotFoundError: No module named 'pyoperon'
sr,dscv,Neat-8,Neat-8,compatible,
sr,dso,Neat-8,Neat-8,compatible,
sr,symbolicgpt,Neat-8,Neat-8,compatible,
sr,gplearn,Neat-8,Neat-8,compatible,
sr,physo,Neat-8,Neat-8,compatible,
sr,pysr,Neat-8,Neat-8,compatible,
sr,llmsr,Neat-8,Neat-8,compatible,
sr,pyoperon,Neat-8,Neat-8,error,ModuleNotFoundError: No module named 'pyoperon'
sr,dscv,Neat-9,Neat-9,compatible,
sr,dso,Neat-9,Neat-9,compatible,
sr,symbolicgpt,Neat-9,Neat-9,compatible,
sr,gplearn,Neat-9,Neat-9,compatible,
sr,physo,Neat-9,Neat-9,compatible,
sr,pysr,Neat-9,Neat-9,compatible,
sr,llmsr,Neat-9,Neat-9,compatible,
sr,pyoperon,Neat-9,Neat-9,error,ModuleNotFoundError: No module named 'pyoperon'
sr,dscv,Nguyen-1,Nguyen-1,compatible,
sr,dso,Nguyen-1,Nguyen-1,compatible,
sr,symbolicgpt,Nguyen-1,Nguyen-1,compatible,
sr,gplearn,Nguyen-1,Nguyen-1,compatible,
sr,physo,Nguyen-1,Nguyen-1,compatible,
sr,pysr,Nguyen-1,Nguyen-1,compatible,
sr,llmsr,Nguyen-1,Nguyen-1,compatible,
sr,pyoperon,Nguyen-1,Nguyen-1,error,ModuleNotFoundError: No module named 'pyoperon'
sr,dscv,Nguyen-10,Nguyen-10,compatible,
sr,dso,Nguyen-10,Nguyen-10,compatible,
sr,symbolicgpt,Nguyen-10,Nguyen-10,compatible,
sr,gplearn,Nguyen-10,Nguyen-10,compatible,
sr,physo,Nguyen-10,Nguyen-10,compatible,
sr,pysr,Nguyen-10,Nguyen-10,compatible,
sr,llmsr,Nguyen-10,Nguyen-10,compatible,
sr,pyoperon,Nguyen-10,Nguyen-10,error,ModuleNotFoundError: No module named 'pyoperon'
sr,dscv,Nguyen-11,Nguyen-11,compatible,
sr,dso,Nguyen-11,Nguyen-11,compatible,
sr,symbolicgpt,Nguyen-11,Nguyen-11,compatible,
sr,gplearn,Nguyen-11,Nguyen-11,compatible,
sr,physo,Nguyen-11,Nguyen-11,compatible,
sr,pysr,Nguyen-11,Nguyen-11,compatible,
sr,llmsr,Nguyen-11,Nguyen-11,compatible,
sr,pyoperon,Nguyen-11,Nguyen-11,error,ModuleNotFoundError: No module named 'pyoperon'
sr,dscv,Nguyen-12,Nguyen-12,compatible,
sr,dso,Nguyen-12,Nguyen-12,compatible,
sr,symbolicgpt,Nguyen-12,Nguyen-12,compatible,
sr,gplearn,Nguyen-12,Nguyen-12,compatible,
sr,physo,Nguyen-12,Nguyen-12,compatible,
sr,pysr,Nguyen-12,Nguyen-12,compatible,
sr,llmsr,Nguyen-12,Nguyen-12,compatible,
sr,pyoperon,Nguyen-12,Nguyen-12,error,ModuleNotFoundError: No module named 'pyoperon'
sr,dscv,Nguyen-12a,Nguyen-12a,compatible,
sr,dso,Nguyen-12a,Nguyen-12a,compatible,
sr,symbolicgpt,Nguyen-12a,Nguyen-12a,compatible,
sr,gplearn,Nguyen-12a,Nguyen-12a,compatible,
sr,physo,Nguyen-12a,Nguyen-12a,compatible,
sr,pysr,Nguyen-12a,Nguyen-12a,compatible,
sr,llmsr,Nguyen-12a,Nguyen-12a,compatible,
sr,pyoperon,Nguyen-12a,Nguyen-12a,error,ModuleNotFoundError: No module named 'pyoperon'
sr,dscv,Nguyen-2,Nguyen-2,compatible,
sr,dso,Nguyen-2,Nguyen-2,compatible,
sr,symbolicgpt,Nguyen-2,Nguyen-2,compatible,
sr,gplearn,Nguyen-2,Nguyen-2,compatible,
sr,physo,Nguyen-2,Nguyen-2,compatible,
sr,pysr,Nguyen-2,Nguyen-2,compatible,
sr,llmsr,Nguyen-2,Nguyen-2,compatible,
sr,pyoperon,Nguyen-2,Nguyen-2,error,ModuleNotFoundError: No module named 'pyoperon'
sr,dscv,Nguyen-3,Nguyen-3,compatible,
sr,dso,Nguyen-3,Nguyen-3,compatible,
sr,symbolicgpt,Nguyen-3,Nguyen-3,compatible,
sr,gplearn,Nguyen-3,Nguyen-3,compatible,
sr,physo,Nguyen-3,Nguyen-3,compatible,
sr,pysr,Nguyen-3,Nguyen-3,compatible,
sr,llmsr,Nguyen-3,Nguyen-3,compatible,
sr,pyoperon,Nguyen-3,Nguyen-3,error,ModuleNotFoundError: No module named 'pyoperon'
sr,dscv,Nguyen-4,Nguyen-4,compatible,
sr,dso,Nguyen-4,Nguyen-4,compatible,
sr,symbolicgpt,Nguyen-4,Nguyen-4,compatible,
sr,gplearn,Nguyen-4,Nguyen-4,compatible,
sr,physo,Nguyen-4,Nguyen-4,compatible,
sr,pysr,Nguyen-4,Nguyen-4,compatible,
sr,llmsr,Nguyen-4,Nguyen-4,compatible,
sr,pyoperon,Nguyen-4,Nguyen-4,error,ModuleNotFoundError: No module named 'pyoperon'
sr,dscv,Nguyen-5,Nguyen-5,compatible,
sr,dso,Nguyen-5,Nguyen-5,compatible,
sr,symbolicgpt,Nguyen-5,Nguyen-5,compatible,
sr,gplearn,Nguyen-5,Nguyen-5,compatible,
sr,physo,Nguyen-5,Nguyen-5,compatible,
sr,pysr,Nguyen-5,Nguyen-5,compatible,
sr,llmsr,Nguyen-5,Nguyen-5,compatible,
sr,pyoperon,Nguyen-5,Nguyen-5,error,ModuleNotFoundError: No module named 'pyoperon'
sr,dscv,Nguyen-6,Nguyen-6,compatible,
sr,dso,Nguyen-6,Nguyen-6,compatible,
sr,symbolicgpt,Nguyen-6,Nguyen-6,compatible,
sr,gplearn,Nguyen-6,Nguyen-6,compatible,
sr,physo,Nguyen-6,Nguyen-6,compatible,
sr,pysr,Nguyen-6,Nguyen-6,compatible,
sr,llmsr,Nguyen-6,Nguyen-6,compatible,
sr,pyoperon,Nguyen-6,Nguyen-6,error,ModuleNotFoundError: No module named 'pyoperon'
sr,dscv,Nguyen-7,Nguyen-7,compatible,
sr,dso,Nguyen-7,Nguyen-7,compatible,
sr,symbolicgpt,Nguyen-7,Nguyen-7,compatible,
sr,gplearn,Nguyen-7,Nguyen-7,compatible,
sr,physo,Nguyen-7,Nguyen-7,compatible,
sr,pysr,Nguyen-7,Nguyen-7,compatible,
sr,llmsr,Nguyen-7,Nguyen-7,compatible,
sr,pyoperon,Nguyen-7,Nguyen-7,error,ModuleNotFoundError: No module named 'pyoperon'
sr,dscv,Nguyen-8,Nguyen-8,compatible,
sr,dso,Nguyen-8,Nguyen-8,compatible,
sr,symbolicgpt,Nguyen-8,Nguyen-8,compatible,
sr,gplearn,Nguyen-8,Nguyen-8,compatible,
sr,physo,Nguyen-8,Nguyen-8,compatible,
sr,pysr,Nguyen-8,Nguyen-8,compatible,
sr,llmsr,Nguyen-8,Nguyen-8,compatible,
sr,pyoperon,Nguyen-8,Nguyen-8,error,ModuleNotFoundError: No module named 'pyoperon'
sr,dscv,Nguyen-9,Nguyen-9,compatible,
sr,dso,Nguyen-9,Nguyen-9,compatible,
sr,symbolicgpt,Nguyen-9,Nguyen-9,compatible,
sr,gplearn,Nguyen-9,Nguyen-9,compatible,
sr,physo,Nguyen-9,Nguyen-9,compatible,
sr,pysr,Nguyen-9,Nguyen-9,compatible,
sr,llmsr,Nguyen-9,Nguyen-9,compatible,
sr,pyoperon,Nguyen-9,Nguyen-9,error,ModuleNotFoundError: No module named 'pyoperon'
sr,dscv,Nonic,Nonic,compatible,
sr,dso,Nonic,Nonic,compatible,
sr,symbolicgpt,Nonic,Nonic,compatible,
sr,gplearn,Nonic,Nonic,compatible,
sr,physo,Nonic,Nonic,compatible,
sr,pysr,Nonic,Nonic,compatible,
sr,llmsr,Nonic,Nonic,compatible,
sr,pyoperon,Nonic,Nonic,error,ModuleNotFoundError: No module named 'pyoperon'
pde,dscv,PDE_compound,PDE_compound,compatible,
pde,spr,PDE_compound,PDE_compound,compatible,
pde,sga,PDE_compound,PDE_compound,incompatible,"SGA SolverConfig currently defines only burgers, kdv and chafee-infante presets"
pde,dlga,PDE_compound,PDE_compound,compatible,
pde,deepmod,PDE_compound,PDE_compound,compatible,
pde,pdefind,PDE_compound,PDE_compound,compatible,
pde,pdenet,PDE_compound,PDE_compound,incompatible,pdenet example adapter requires two spatial dimensions
pde,weakform,PDE_compound,PDE_compound,incompatible,weakform example adapter requires two spatial dimensions
pde,eqgpt,PDE_compound,PDE_compound,compatible,
pde,sindy,PDE_compound,PDE_compound,compatible,
pde,pysindy,PDE_compound,PDE_compound,compatible,
pde,dscv,PDE_divide,PDE_divide,compatible,
pde,spr,PDE_divide,PDE_divide,compatible,
pde,sga,PDE_divide,PDE_divide,incompatible,"SGA SolverConfig currently defines only burgers, kdv and chafee-infante presets"
pde,dlga,PDE_divide,PDE_divide,compatible,
pde,deepmod,PDE_divide,PDE_divide,compatible,
pde,pdefind,PDE_divide,PDE_divide,compatible,
pde,pdenet,PDE_divide,PDE_divide,incompatible,pdenet example adapter requires two spatial dimensions
pde,weakform,PDE_divide,PDE_divide,incompatible,weakform example adapter requires two spatial dimensions
pde,eqgpt,PDE_divide,PDE_divide,compatible,
pde,sindy,PDE_divide,PDE_divide,compatible,
pde,pysindy,PDE_divide,PDE_divide,compatible,
sr,dscv,Pagie-1,Pagie-1,compatible,
sr,dso,Pagie-1,Pagie-1,compatible,
sr,symbolicgpt,Pagie-1,Pagie-1,compatible,
sr,gplearn,Pagie-1,Pagie-1,compatible,
sr,physo,Pagie-1,Pagie-1,compatible,
sr,pysr,Pagie-1,Pagie-1,compatible,
sr,llmsr,Pagie-1,Pagie-1,compatible,
sr,pyoperon,Pagie-1,Pagie-1,error,ModuleNotFoundError: No module named 'pyoperon'
sr,dscv,Poly-1,Poly-1,compatible,
sr,dso,Poly-1,Poly-1,compatible,
sr,symbolicgpt,Poly-1,Poly-1,compatible,
sr,gplearn,Poly-1,Poly-1,compatible,
sr,physo,Poly-1,Poly-1,compatible,
sr,pysr,Poly-1,Poly-1,compatible,
sr,llmsr,Poly-1,Poly-1,compatible,
sr,pyoperon,Poly-1,Poly-1,error,ModuleNotFoundError: No module named 'pyoperon'
sr,dscv,Poly-10,Poly-10,compatible,
sr,dso,Poly-10,Poly-10,compatible,
sr,symbolicgpt,Poly-10,Poly-10,compatible,
sr,gplearn,Poly-10,Poly-10,compatible,
sr,physo,Poly-10,Poly-10,compatible,
sr,pysr,Poly-10,Poly-10,compatible,
sr,llmsr,Poly-10,Poly-10,compatible,
sr,pyoperon,Poly-10,Poly-10,error,ModuleNotFoundError: No module named 'pyoperon'
sr,dscv,Poly-2,Poly-2,compatible,
sr,dso,Poly-2,Poly-2,compatible,
sr,symbolicgpt,Poly-2,Poly-2,compatible,
sr,gplearn,Poly-2,Poly-2,compatible,
sr,physo,Poly-2,Poly-2,compatible,
sr,pysr,Poly-2,Poly-2,compatible,
sr,llmsr,Poly-2,Poly-2,compatible,
sr,pyoperon,Poly-2,Poly-2,error,ModuleNotFoundError: No module named 'pyoperon'
sr,dscv,Poly-3,Poly-3,compatible,
sr,dso,Poly-3,Poly-3,compatible,
sr,symbolicgpt,Poly-3,Poly-3,compatible,
sr,gplearn,Poly-3,Poly-3,compatible,
sr,physo,Poly-3,Poly-3,compatible,
sr,pysr,Poly-3,Poly-3,compatible,
sr,llmsr,Poly-3,Poly-3,compatible,
sr,pyoperon,Poly-3,Poly-3,error,ModuleNotFoundError: No module named 'pyoperon'
sr,dscv,Poly-4,Poly-4,compatible,
sr,dso,Poly-4,Poly-4,compatible,
sr,symbolicgpt,Poly-4,Poly-4,compatible,
sr,gplearn,Poly-4,Poly-4,compatible,
sr,physo,Poly-4,Poly-4,compatible,
sr,pysr,Poly-4,Poly-4,compatible,
sr,llmsr,Poly-4,Poly-4,compatible,
sr,pyoperon,Poly-4,Poly-4,error,ModuleNotFoundError: No module named 'pyoperon'
sr,dscv,Poly-5,Poly-5,compatible,
sr,dso,Poly-5,Poly-5,compatible,
sr,symbolicgpt,Poly-5,Poly-5,compatible,
sr,gplearn,Poly-5,Poly-5,compatible,
sr,physo,Poly-5,Poly-5,compatible,
sr,pysr,Poly-5,Poly-5,compatible,
sr,llmsr,Poly-5,Poly-5,compatible,
sr,pyoperon,Poly-5,Poly-5,error,ModuleNotFoundError: No module named 'pyoperon'
sr,dscv,R1,R1,compatible,
sr,dso,R1,R1,compatible,
sr,symbolicgpt,R1,R1,compatible,
sr,gplearn,R1,R1,compatible,
sr,physo,R1,R1,compatible,
sr,pysr,R1,R1,compatible,
sr,llmsr,R1,R1,compatible,
sr,pyoperon,R1,R1,error,ModuleNotFoundError: No module named 'pyoperon'
sr,dscv,R1a,R1a,compatible,
sr,dso,R1a,R1a,compatible,
sr,symbolicgpt,R1a,R1a,compatible,
sr,gplearn,R1a,R1a,compatible,
sr,physo,R1a,R1a,compatible,
sr,pysr,R1a,R1a,compatible,
sr,llmsr,R1a,R1a,compatible,
sr,pyoperon,R1a,R1a,error,ModuleNotFoundError: No module named 'pyoperon'
sr,dscv,R2,R2,compatible,
sr,dso,R2,R2,compatible,
sr,symbolicgpt,R2,R2,compatible,
sr,gplearn,R2,R2,compatible,
sr,physo,R2,R2,compatible,
sr,pysr,R2,R2,compatible,
sr,llmsr,R2,R2,compatible,
sr,pyoperon,R2,R2,error,ModuleNotFoundError: No module named 'pyoperon'
sr,dscv,R2a,R2a,compatible,
sr,dso,R2a,R2a,compatible,
sr,symbolicgpt,R2a,R2a,compatible,
sr,gplearn,R2a,R2a,compatible,
sr,physo,R2a,R2a,compatible,
sr,pysr,R2a,R2a,compatible,
sr,llmsr,R2a,R2a,compatible,
sr,pyoperon,R2a,R2a,error,ModuleNotFoundError: No module named 'pyoperon'
sr,dscv,R3,R3,compatible,
sr,dso,R3,R3,compatible,
sr,symbolicgpt,R3,R3,compatible,
sr,gplearn,R3,R3,compatible,
sr,physo,R3,R3,compatible,
sr,pysr,R3,R3,compatible,
sr,llmsr,R3,R3,compatible,
sr,pyoperon,R3,R3,error,ModuleNotFoundError: No module named 'pyoperon'
sr,dscv,R3a,R3a,compatible,
sr,dso,R3a,R3a,compatible,
sr,symbolicgpt,R3a,R3a,compatible,
sr,gplearn,R3a,R3a,compatible,
sr,physo,R3a,R3a,compatible,
sr,pysr,R3a,R3a,compatible,
sr,llmsr,R3a,R3a,compatible,
sr,pyoperon,R3a,R3a,error,ModuleNotFoundError: No module named 'pyoperon'
sr,dscv,Sine,Sine,compatible,
sr,dso,Sine,Sine,compatible,
sr,symbolicgpt,Sine,Sine,compatible,
sr,gplearn,Sine,Sine,compatible,
sr,physo,Sine,Sine,compatible,
sr,pysr,Sine,Sine,compatible,
sr,llmsr,Sine,Sine,compatible,
sr,pyoperon,Sine,Sine,error,ModuleNotFoundError: No module named 'pyoperon'
sr,dscv,Vladislavleva-1,Vladislavleva-1,compatible,
sr,dso,Vladislavleva-1,Vladislavleva-1,compatible,
sr,symbolicgpt,Vladislavleva-1,Vladislavleva-1,compatible,
sr,gplearn,Vladislavleva-1,Vladislavleva-1,compatible,
sr,physo,Vladislavleva-1,Vladislavleva-1,compatible,
sr,pysr,Vladislavleva-1,Vladislavleva-1,compatible,
sr,llmsr,Vladislavleva-1,Vladislavleva-1,compatible,
sr,pyoperon,Vladislavleva-1,Vladislavleva-1,error,ModuleNotFoundError: No module named 'pyoperon'
sr,dscv,Vladislavleva-2,Vladislavleva-2,compatible,
sr,dso,Vladislavleva-2,Vladislavleva-2,compatible,
sr,symbolicgpt,Vladislavleva-2,Vladislavleva-2,compatible,
sr,gplearn,Vladislavleva-2,Vladislavleva-2,compatible,
sr,physo,Vladislavleva-2,Vladislavleva-2,compatible,
sr,pysr,Vladislavleva-2,Vladislavleva-2,compatible,
sr,llmsr,Vladislavleva-2,Vladislavleva-2,compatible,
sr,pyoperon,Vladislavleva-2,Vladislavleva-2,error,ModuleNotFoundError: No module named 'pyoperon'
sr,dscv,Vladislavleva-3,Vladislavleva-3,compatible,
sr,dso,Vladislavleva-3,Vladislavleva-3,compatible,
sr,symbolicgpt,Vladislavleva-3,Vladislavleva-3,compatible,
sr,gplearn,Vladislavleva-3,Vladislavleva-3,compatible,
sr,physo,Vladislavleva-3,Vladislavleva-3,compatible,
sr,pysr,Vladislavleva-3,Vladislavleva-3,compatible,
sr,llmsr,Vladislavleva-3,Vladislavleva-3,compatible,
sr,pyoperon,Vladislavleva-3,Vladislavleva-3,error,ModuleNotFoundError: No module named 'pyoperon'
sr,dscv,Vladislavleva-4,Vladislavleva-4,compatible,
sr,dso,Vladislavleva-4,Vladislavleva-4,compatible,
sr,symbolicgpt,Vladislavleva-4,Vladislavleva-4,compatible,
sr,gplearn,Vladislavleva-4,Vladislavleva-4,compatible,
sr,physo,Vladislavleva-4,Vladislavleva-4,compatible,
sr,pysr,Vladislavleva-4,Vladislavleva-4,compatible,
sr,llmsr,Vladislavleva-4,Vladislavleva-4,compatible,
sr,pyoperon,Vladislavleva-4,Vladislavleva-4,error,ModuleNotFoundError: No module named 'pyoperon'
sr,dscv,Vladislavleva-5,Vladislavleva-5,compatible,
sr,dso,Vladislavleva-5,Vladislavleva-5,compatible,
sr,symbolicgpt,Vladislavleva-5,Vladislavleva-5,compatible,
sr,gplearn,Vladislavleva-5,Vladislavleva-5,compatible,
sr,physo,Vladislavleva-5,Vladislavleva-5,compatible,
sr,pysr,Vladislavleva-5,Vladislavleva-5,compatible,
sr,llmsr,Vladislavleva-5,Vladislavleva-5,compatible,
sr,pyoperon,Vladislavleva-5,Vladislavleva-5,error,ModuleNotFoundError: No module named 'pyoperon'
sr,dscv,Vladislavleva-6,Vladislavleva-6,compatible,
sr,dso,Vladislavleva-6,Vladislavleva-6,compatible,
sr,symbolicgpt,Vladislavleva-6,Vladislavleva-6,compatible,
sr,gplearn,Vladislavleva-6,Vladislavleva-6,compatible,
sr,physo,Vladislavleva-6,Vladislavleva-6,compatible,
sr,pysr,Vladislavleva-6,Vladislavleva-6,compatible,
sr,llmsr,Vladislavleva-6,Vladislavleva-6,compatible,
sr,pyoperon,Vladislavleva-6,Vladislavleva-6,error,ModuleNotFoundError: No module named 'pyoperon'
sr,dscv,Vladislavleva-7,Vladislavleva-7,compatible,
sr,dso,Vladislavleva-7,Vladislavleva-7,compatible,
sr,symbolicgpt,Vladislavleva-7,Vladislavleva-7,compatible,
sr,gplearn,Vladislavleva-7,Vladislavleva-7,compatible,
sr,physo,Vladislavleva-7,Vladislavleva-7,compatible,
sr,pysr,Vladislavleva-7,Vladislavleva-7,compatible,
sr,llmsr,Vladislavleva-7,Vladislavleva-7,compatible,
sr,pyoperon,Vladislavleva-7,Vladislavleva-7,error,ModuleNotFoundError: No module named 'pyoperon'
sr,dscv,Vladislavleva-8,Vladislavleva-8,compatible,
sr,dso,Vladislavleva-8,Vladislavleva-8,compatible,
sr,symbolicgpt,Vladislavleva-8,Vladislavleva-8,compatible,
sr,gplearn,Vladislavleva-8,Vladislavleva-8,compatible,
sr,physo,Vladislavleva-8,Vladislavleva-8,compatible,
sr,pysr,Vladislavleva-8,Vladislavleva-8,compatible,
sr,llmsr,Vladislavleva-8,Vladislavleva-8,compatible,
sr,pyoperon,Vladislavleva-8,Vladislavleva-8,error,ModuleNotFoundError: No module named 'pyoperon'
ode,dscv,ball_drop,ball_drop,compatible,
ode,dso,ball_drop,ball_drop,compatible,
ode,symbolicgpt,ball_drop,ball_drop,compatible,
ode,gplearn,ball_drop,ball_drop,compatible,
ode,physo,ball_drop,ball_drop,compatible,
ode,pysr,ball_drop,ball_drop,compatible,
ode,sindy,ball_drop,ball_drop,compatible,
ode,pysindy,ball_drop,ball_drop,compatible,
ode,llmsr,ball_drop,ball_drop,compatible,
ode,pyoperon,ball_drop,ball_drop,error,ModuleNotFoundError: No module named 'pyoperon'
pde,dscv,burgers,burgers,compatible,
pde,spr,burgers,burgers,compatible,
pde,sga,burgers,burgers,compatible,
pde,dlga,burgers,burgers,compatible,
pde,deepmod,burgers,burgers,compatible,
pde,pdefind,burgers,burgers,compatible,
pde,pdenet,burgers,burgers,incompatible,pdenet example adapter requires two spatial dimensions
pde,weakform,burgers,burgers,incompatible,weakform example adapter requires two spatial dimensions
pde,eqgpt,burgers,burgers,compatible,
pde,sindy,burgers,burgers,compatible,
pde,pysindy,burgers,burgers,compatible,
pde,dscv,chafee-infante,chafee-infante,compatible,
pde,spr,chafee-infante,chafee-infante,compatible,
pde,sga,chafee-infante,chafee-infante,compatible,
pde,dlga,chafee-infante,chafee-infante,compatible,
pde,deepmod,chafee-infante,chafee-infante,compatible,
pde,pdefind,chafee-infante,chafee-infante,compatible,
pde,pdenet,chafee-infante,chafee-infante,incompatible,pdenet example adapter requires two spatial dimensions
pde,weakform,chafee-infante,chafee-infante,incompatible,weakform example adapter requires two spatial dimensions
pde,eqgpt,chafee-infante,chafee-infante,compatible,
pde,sindy,chafee-infante,chafee-infante,compatible,
pde,pysindy,chafee-infante,chafee-infante,compatible,
sr,dscv,cyt_flatplate,cyt_flatplate,compatible,
sr,dso,cyt_flatplate,cyt_flatplate,compatible,
sr,symbolicgpt,cyt_flatplate,cyt_flatplate,compatible,
sr,gplearn,cyt_flatplate,cyt_flatplate,compatible,
sr,physo,cyt_flatplate,cyt_flatplate,compatible,
sr,pysr,cyt_flatplate,cyt_flatplate,compatible,
sr,llmsr,cyt_flatplate,cyt_flatplate,compatible,
sr,pyoperon,cyt_flatplate,cyt_flatplate,error,ModuleNotFoundError: No module named 'pyoperon'
sr,dscv,cyt_naca0012,cyt_naca0012,compatible,
sr,dso,cyt_naca0012,cyt_naca0012,compatible,
sr,symbolicgpt,cyt_naca0012,cyt_naca0012,compatible,
sr,gplearn,cyt_naca0012,cyt_naca0012,compatible,
sr,physo,cyt_naca0012,cyt_naca0012,compatible,
sr,pysr,cyt_naca0012,cyt_naca0012,compatible,
sr,llmsr,cyt_naca0012,cyt_naca0012,compatible,
sr,pyoperon,cyt_naca0012,cyt_naca0012,error,ModuleNotFoundError: No module named 'pyoperon'
pde,dscv,fisher,fisher,compatible,
pde,spr,fisher,fisher,compatible,
pde,sga,fisher,fisher,incompatible,"SGA SolverConfig currently defines only burgers, kdv and chafee-infante presets"
pde,dlga,fisher,fisher,compatible,
pde,deepmod,fisher,fisher,compatible,
pde,pdefind,fisher,fisher,compatible,
pde,pdenet,fisher,fisher,incompatible,pdenet example adapter requires two spatial dimensions
pde,weakform,fisher,fisher,incompatible,weakform example adapter requires two spatial dimensions
pde,eqgpt,fisher,fisher,compatible,
pde,sindy,fisher,fisher,compatible,
pde,pysindy,fisher,fisher,compatible,
pde,dscv,fisher_linear,fisher_linear,compatible,
pde,spr,fisher_linear,fisher_linear,compatible,
pde,sga,fisher_linear,fisher_linear,incompatible,"SGA SolverConfig currently defines only burgers, kdv and chafee-infante presets"
pde,dlga,fisher_linear,fisher_linear,compatible,
pde,deepmod,fisher_linear,fisher_linear,compatible,
pde,pdefind,fisher_linear,fisher_linear,compatible,
pde,pdenet,fisher_linear,fisher_linear,incompatible,pdenet example adapter requires two spatial dimensions
pde,weakform,fisher_linear,fisher_linear,incompatible,weakform example adapter requires two spatial dimensions
pde,eqgpt,fisher_linear,fisher_linear,compatible,
pde,sindy,fisher_linear,fisher_linear,compatible,
pde,pysindy,fisher_linear,fisher_linear,compatible,
pde,dscv,kdv,kdv,compatible,
pde,spr,kdv,kdv,compatible,
pde,sga,kdv,kdv,compatible,
pde,dlga,kdv,kdv,compatible,
pde,deepmod,kdv,kdv,compatible,
pde,pdefind,kdv,kdv,compatible,
pde,pdenet,kdv,kdv,incompatible,pdenet example adapter requires two spatial dimensions
pde,weakform,kdv,kdv,incompatible,weakform example adapter requires two spatial dimensions
pde,eqgpt,kdv,kdv,compatible,
pde,sindy,kdv,kdv,compatible,
pde,pysindy,kdv,kdv,compatible,
pde,dscv,pdeformer_sinus,pdeformer_sinus/0000,compatible,
pde,spr,pdeformer_sinus,pdeformer_sinus/0000,compatible,
pde,sga,pdeformer_sinus,pdeformer_sinus/0000,incompatible,"SGA SolverConfig currently defines only burgers, kdv and chafee-infante presets"
pde,dlga,pdeformer_sinus,pdeformer_sinus/0000,compatible,
pde,deepmod,pdeformer_sinus,pdeformer_sinus/0000,compatible,
pde,pdefind,pdeformer_sinus,pdeformer_sinus/0000,compatible,
pde,pdenet,pdeformer_sinus,pdeformer_sinus/0000,incompatible,pdenet example adapter requires two spatial dimensions
pde,weakform,pdeformer_sinus,pdeformer_sinus/0000,incompatible,weakform example adapter requires two spatial dimensions
pde,eqgpt,pdeformer_sinus,pdeformer_sinus/0000,compatible,
pde,sindy,pdeformer_sinus,pdeformer_sinus/0000,compatible,
pde,pysindy,pdeformer_sinus,pdeformer_sinus/0000,compatible,
sr,dscv,rubber_train,rubber_train,compatible,
sr,dso,rubber_train,rubber_train,compatible,
sr,symbolicgpt,rubber_train,rubber_train,compatible,
sr,gplearn,rubber_train,rubber_train,compatible,
sr,physo,rubber_train,rubber_train,compatible,
sr,pysr,rubber_train,rubber_train,compatible,
sr,llmsr,rubber_train,rubber_train,compatible,
sr,pyoperon,rubber_train,rubber_train,error,ModuleNotFoundError: No module named 'pyoperon'
sr,dscv,solid_dif,solid_dif,compatible,
sr,dso,solid_dif,solid_dif,compatible,
sr,symbolicgpt,solid_dif,solid_dif,compatible,
sr,gplearn,solid_dif,solid_dif,compatible,
sr,physo,solid_dif,solid_dif,compatible,
sr,pysr,solid_dif,solid_dif,compatible,
sr,llmsr,solid_dif,solid_dif,compatible,
sr,pyoperon,solid_dif,solid_dif,error,ModuleNotFoundError: No module named 'pyoperon'
sr,dscv,solid_hardening,solid_hardening,compatible,
sr,dso,solid_hardening,solid_hardening,compatible,
sr,symbolicgpt,solid_hardening,solid_hardening,compatible,
sr,gplearn,solid_hardening,solid_hardening,compatible,
sr,physo,solid_hardening,solid_hardening,compatible,
sr,pysr,solid_hardening,solid_hardening,compatible,
sr,llmsr,solid_hardening,solid_hardening,compatible,
sr,pyoperon,solid_hardening,solid_hardening,error,ModuleNotFoundError: No module named 'pyoperon'
sr,dscv,solid_strain_stress,solid_strain_stress,compatible,
sr,dso,solid_strain_stress,solid_strain_stress,compatible,
sr,symbolicgpt,solid_strain_stress,solid_strain_stress,compatible,
sr,gplearn,solid_strain_stress,solid_strain_stress,compatible,
sr,physo,solid_strain_stress,solid_strain_stress,compatible,
sr,pysr,solid_strain_stress,solid_strain_stress,compatible,
sr,llmsr,solid_strain_stress,solid_strain_stress,compatible,
sr,pyoperon,solid_strain_stress,solid_strain_stress,error,ModuleNotFoundError: No module named 'pyoperon'
pde,dscv,tlc_burgers1d,tlc_burgers1d,incompatible,PDE baselines require a regular grid; scatter data need an explicit adapter
pde,spr,tlc_burgers1d,tlc_burgers1d,incompatible,PDE baselines require a regular grid; scatter data need an explicit adapter
pde,sga,tlc_burgers1d,tlc_burgers1d,incompatible,PDE baselines require a regular grid; scatter data need an explicit adapter
pde,dlga,tlc_burgers1d,tlc_burgers1d,incompatible,PDE baselines require a regular grid; scatter data need an explicit adapter
pde,deepmod,tlc_burgers1d,tlc_burgers1d,incompatible,PDE baselines require a regular grid; scatter data need an explicit adapter
pde,pdefind,tlc_burgers1d,tlc_burgers1d,incompatible,PDE baselines require a regular grid; scatter data need an explicit adapter
pde,pdenet,tlc_burgers1d,tlc_burgers1d,incompatible,PDE baselines require a regular grid; scatter data need an explicit adapter
pde,weakform,tlc_burgers1d,tlc_burgers1d,incompatible,PDE baselines require a regular grid; scatter data need an explicit adapter
pde,eqgpt,tlc_burgers1d,tlc_burgers1d,incompatible,PDE baselines require a regular grid; scatter data need an explicit adapter
pde,sindy,tlc_burgers1d,tlc_burgers1d,incompatible,PDE baselines require a regular grid; scatter data need an explicit adapter
pde,pysindy,tlc_burgers1d,tlc_burgers1d,incompatible,PDE baselines require a regular grid; scatter data need an explicit adapter
pde,dscv,tlc_burgers2d,tlc_burgers2d,incompatible,PDE baselines require a regular grid; scatter data need an explicit adapter
pde,spr,tlc_burgers2d,tlc_burgers2d,incompatible,PDE baselines require a regular grid; scatter data need an explicit adapter
pde,sga,tlc_burgers2d,tlc_burgers2d,incompatible,PDE baselines require a regular grid; scatter data need an explicit adapter
pde,dlga,tlc_burgers2d,tlc_burgers2d,incompatible,PDE baselines require a regular grid; scatter data need an explicit adapter
pde,deepmod,tlc_burgers2d,tlc_burgers2d,incompatible,PDE baselines require a regular grid; scatter data need an explicit adapter
pde,pdefind,tlc_burgers2d,tlc_burgers2d,incompatible,PDE baselines require a regular grid; scatter data need an explicit adapter
pde,pdenet,tlc_burgers2d,tlc_burgers2d,incompatible,PDE baselines require a regular grid; scatter data need an explicit adapter
pde,weakform,tlc_burgers2d,tlc_burgers2d,incompatible,PDE baselines require a regular grid; scatter data need an explicit adapter
pde,eqgpt,tlc_burgers2d,tlc_burgers2d,incompatible,PDE baselines require a regular grid; scatter data need an explicit adapter
pde,sindy,tlc_burgers2d,tlc_burgers2d,incompatible,PDE baselines require a regular grid; scatter data need an explicit adapter
pde,pysindy,tlc_burgers2d,tlc_burgers2d,incompatible,PDE baselines require a regular grid; scatter data need an explicit adapter
pde,dscv,tlc_heat_complex,tlc_heat_complex,incompatible,PDE baselines require a regular grid; scatter data need an explicit adapter
pde,spr,tlc_heat_complex,tlc_heat_complex,incompatible,PDE baselines require a regular grid; scatter data need an explicit adapter
pde,sga,tlc_heat_complex,tlc_heat_complex,incompatible,PDE baselines require a regular grid; scatter data need an explicit adapter
pde,dlga,tlc_heat_complex,tlc_heat_complex,incompatible,PDE baselines require a regular grid; scatter data need an explicit adapter
pde,deepmod,tlc_heat_complex,tlc_heat_complex,incompatible,PDE baselines require a regular grid; scatter data need an explicit adapter
pde,pdefind,tlc_heat_complex,tlc_heat_complex,incompatible,PDE baselines require a regular grid; scatter data need an explicit adapter
pde,pdenet,tlc_heat_complex,tlc_heat_complex,incompatible,PDE baselines require a regular grid; scatter data need an explicit adapter
pde,weakform,tlc_heat_complex,tlc_heat_complex,incompatible,PDE baselines require a regular grid; scatter data need an explicit adapter
pde,eqgpt,tlc_heat_complex,tlc_heat_complex,incompatible,PDE baselines require a regular grid; scatter data need an explicit adapter
pde,sindy,tlc_heat_complex,tlc_heat_complex,incompatible,PDE baselines require a regular grid; scatter data need an explicit adapter
pde,pysindy,tlc_heat_complex,tlc_heat_complex,incompatible,PDE baselines require a regular grid; scatter data need an explicit adapter
pde,dscv,tlc_heat_darcy,tlc_heat_darcy,incompatible,PDE baselines require a regular grid; scatter data need an explicit adapter
pde,spr,tlc_heat_darcy,tlc_heat_darcy,incompatible,PDE baselines require a regular grid; scatter data need an explicit adapter
pde,sga,tlc_heat_darcy,tlc_heat_darcy,incompatible,PDE baselines require a regular grid; scatter data need an explicit adapter
pde,dlga,tlc_heat_darcy,tlc_heat_darcy,incompatible,PDE baselines require a regular grid; scatter data need an explicit adapter
pde,deepmod,tlc_heat_darcy,tlc_heat_darcy,incompatible,PDE baselines require a regular grid; scatter data need an explicit adapter
pde,pdefind,tlc_heat_darcy,tlc_heat_darcy,incompatible,PDE baselines require a regular grid; scatter data need an explicit adapter
pde,pdenet,tlc_heat_darcy,tlc_heat_darcy,incompatible,PDE baselines require a regular grid; scatter data need an explicit adapter
pde,weakform,tlc_heat_darcy,tlc_heat_darcy,incompatible,PDE baselines require a regular grid; scatter data need an explicit adapter
pde,eqgpt,tlc_heat_darcy,tlc_heat_darcy,incompatible,PDE baselines require a regular grid; scatter data need an explicit adapter
pde,sindy,tlc_heat_darcy,tlc_heat_darcy,incompatible,PDE baselines require a regular grid; scatter data need an explicit adapter
pde,pysindy,tlc_heat_darcy,tlc_heat_darcy,incompatible,PDE baselines require a regular grid; scatter data need an explicit adapter
pde,dscv,tlc_heat_longtime,tlc_heat_longtime,incompatible,PDE baselines require a regular grid; scatter data need an explicit adapter
pde,spr,tlc_heat_longtime,tlc_heat_longtime,incompatible,PDE baselines require a regular grid; scatter data need an explicit adapter
pde,sga,tlc_heat_longtime,tlc_heat_longtime,incompatible,PDE baselines require a regular grid; scatter data need an explicit adapter
pde,dlga,tlc_heat_longtime,tlc_heat_longtime,incompatible,PDE baselines require a regular grid; scatter data need an explicit adapter
pde,deepmod,tlc_heat_longtime,tlc_heat_longtime,incompatible,PDE baselines require a regular grid; scatter data need an explicit adapter
pde,pdefind,tlc_heat_longtime,tlc_heat_longtime,incompatible,PDE baselines require a regular grid; scatter data need an explicit adapter
pde,pdenet,tlc_heat_longtime,tlc_heat_longtime,incompatible,PDE baselines require a regular grid; scatter data need an explicit adapter
pde,weakform,tlc_heat_longtime,tlc_heat_longtime,incompatible,PDE baselines require a regular grid; scatter data need an explicit adapter
pde,eqgpt,tlc_heat_longtime,tlc_heat_longtime,incompatible,PDE baselines require a regular grid; scatter data need an explicit adapter
pde,sindy,tlc_heat_longtime,tlc_heat_longtime,incompatible,PDE baselines require a regular grid; scatter data need an explicit adapter
pde,pysindy,tlc_heat_longtime,tlc_heat_longtime,incompatible,PDE baselines require a regular grid; scatter data need an explicit adapter
pde,dscv,tlc_heat_multiscale,tlc_heat_multiscale,incompatible,PDE baselines require a regular grid; scatter data need an explicit adapter
pde,spr,tlc_heat_multiscale,tlc_heat_multiscale,incompatible,PDE baselines require a regular grid; scatter data need an explicit adapter
pde,sga,tlc_heat_multiscale,tlc_heat_multiscale,incompatible,PDE baselines require a regular grid; scatter data need an explicit adapter
pde,dlga,tlc_heat_multiscale,tlc_heat_multiscale,incompatible,PDE baselines require a regular grid; scatter data need an explicit adapter
pde,deepmod,tlc_heat_multiscale,tlc_heat_multiscale,incompatible,PDE baselines require a regular grid; scatter data need an explicit adapter
pde,pdefind,tlc_heat_multiscale,tlc_heat_multiscale,incompatible,PDE baselines require a regular grid; scatter data need an explicit adapter
pde,pdenet,tlc_heat_multiscale,tlc_heat_multiscale,incompatible,PDE baselines require a regular grid; scatter data need an explicit adapter
pde,weakform,tlc_heat_multiscale,tlc_heat_multiscale,incompatible,PDE baselines require a regular grid; scatter data need an explicit adapter
pde,eqgpt,tlc_heat_multiscale,tlc_heat_multiscale,incompatible,PDE baselines require a regular grid; scatter data need an explicit adapter
pde,sindy,tlc_heat_multiscale,tlc_heat_multiscale,incompatible,PDE baselines require a regular grid; scatter data need an explicit adapter
pde,pysindy,tlc_heat_multiscale,tlc_heat_multiscale,incompatible,PDE baselines require a regular grid; scatter data need an explicit adapter
pde,dscv,tlc_heat_multiscale_lesspoints,tlc_heat_multiscale_lesspoints,incompatible,PDE baselines require a regular grid; scatter data need an explicit adapter
pde,spr,tlc_heat_multiscale_lesspoints,tlc_heat_multiscale_lesspoints,incompatible,PDE baselines require a regular grid; scatter data need an explicit adapter
pde,sga,tlc_heat_multiscale_lesspoints,tlc_heat_multiscale_lesspoints,incompatible,PDE baselines require a regular grid; scatter data need an explicit adapter
pde,dlga,tlc_heat_multiscale_lesspoints,tlc_heat_multiscale_lesspoints,incompatible,PDE baselines require a regular grid; scatter data need an explicit adapter
pde,deepmod,tlc_heat_multiscale_lesspoints,tlc_heat_multiscale_lesspoints,incompatible,PDE baselines require a regular grid; scatter data need an explicit adapter
pde,pdefind,tlc_heat_multiscale_lesspoints,tlc_heat_multiscale_lesspoints,incompatible,PDE baselines require a regular grid; scatter data need an explicit adapter
pde,pdenet,tlc_heat_multiscale_lesspoints,tlc_heat_multiscale_lesspoints,incompatible,PDE baselines require a regular grid; scatter data need an explicit adapter
pde,weakform,tlc_heat_multiscale_lesspoints,tlc_heat_multiscale_lesspoints,incompatible,PDE baselines require a regular grid; scatter data need an explicit adapter
pde,eqgpt,tlc_heat_multiscale_lesspoints,tlc_heat_multiscale_lesspoints,incompatible,PDE baselines require a regular grid; scatter data need an explicit adapter
pde,sindy,tlc_heat_multiscale_lesspoints,tlc_heat_multiscale_lesspoints,incompatible,PDE baselines require a regular grid; scatter data need an explicit adapter
pde,pysindy,tlc_heat_multiscale_lesspoints,tlc_heat_multiscale_lesspoints,incompatible,PDE baselines require a regular grid; scatter data need an explicit adapter
pde,dscv,tlc_ns_long,tlc_ns_long,incompatible,PDE baselines require a regular grid; scatter data need an explicit adapter
pde,spr,tlc_ns_long,tlc_ns_long,incompatible,PDE baselines require a regular grid; scatter data need an explicit adapter
pde,sga,tlc_ns_long,tlc_ns_long,incompatible,PDE baselines require a regular grid; scatter data need an explicit adapter
pde,dlga,tlc_ns_long,tlc_ns_long,incompatible,PDE baselines require a regular grid; scatter data need an explicit adapter
pde,deepmod,tlc_ns_long,tlc_ns_long,incompatible,PDE baselines require a regular grid; scatter data need an explicit adapter
pde,pdefind,tlc_ns_long,tlc_ns_long,incompatible,PDE baselines require a regular grid; scatter data need an explicit adapter
pde,pdenet,tlc_ns_long,tlc_ns_long,incompatible,PDE baselines require a regular grid; scatter data need an explicit adapter
pde,weakform,tlc_ns_long,tlc_ns_long,incompatible,PDE baselines require a regular grid; scatter data need an explicit adapter
pde,eqgpt,tlc_ns_long,tlc_ns_long,incompatible,PDE baselines require a regular grid; scatter data need an explicit adapter
pde,sindy,tlc_ns_long,tlc_ns_long,incompatible,PDE baselines require a regular grid; scatter data need an explicit adapter
pde,pysindy,tlc_ns_long,tlc_ns_long,incompatible,PDE baselines require a regular grid; scatter data need an explicit adapter
pde,dscv,tlc_wave_darcy,tlc_wave_darcy,incompatible,PDE baselines require a regular grid; scatter data need an explicit adapter
pde,spr,tlc_wave_darcy,tlc_wave_darcy,incompatible,PDE baselines require a regular grid; scatter data need an explicit adapter
pde,sga,tlc_wave_darcy,tlc_wave_darcy,incompatible,PDE baselines require a regular grid; scatter data need an explicit adapter
pde,dlga,tlc_wave_darcy,tlc_wave_darcy,incompatible,PDE baselines require a regular grid; scatter data need an explicit adapter
pde,deepmod,tlc_wave_darcy,tlc_wave_darcy,incompatible,PDE baselines require a regular grid; scatter data need an explicit adapter
pde,pdefind,tlc_wave_darcy,tlc_wave_darcy,incompatible,PDE baselines require a regular grid; scatter data need an explicit adapter
pde,pdenet,tlc_wave_darcy,tlc_wave_darcy,incompatible,PDE baselines require a regular grid; scatter data need an explicit adapter
pde,weakform,tlc_wave_darcy,tlc_wave_darcy,incompatible,PDE baselines require a regular grid; scatter data need an explicit adapter
pde,eqgpt,tlc_wave_darcy,tlc_wave_darcy,incompatible,PDE baselines require a regular grid; scatter data need an explicit adapter
pde,sindy,tlc_wave_darcy,tlc_wave_darcy,incompatible,PDE baselines require a regular grid; scatter data need an explicit adapter
pde,pysindy,tlc_wave_darcy,tlc_wave_darcy,incompatible,PDE baselines require a regular grid; scatter data need an explicit adapter
pde,dscv,vgs_II_0-1000,vgs_II_0-1000,compatible,
pde,spr,vgs_II_0-1000,vgs_II_0-1000,compatible,
pde,sga,vgs_II_0-1000,vgs_II_0-1000,incompatible,"SGA SolverConfig currently defines only burgers, kdv and chafee-infante presets"
pde,dlga,vgs_II_0-1000,vgs_II_0-1000,compatible,
pde,deepmod,vgs_II_0-1000,vgs_II_0-1000,compatible,
pde,pdefind,vgs_II_0-1000,vgs_II_0-1000,compatible,
pde,pdenet,vgs_II_0-1000,vgs_II_0-1000,incompatible,pdenet example adapter requires two spatial dimensions
pde,weakform,vgs_II_0-1000,vgs_II_0-1000,incompatible,weakform example adapter requires two spatial dimensions
pde,eqgpt,vgs_II_0-1000,vgs_II_0-1000,compatible,
pde,sindy,vgs_II_0-1000,vgs_II_0-1000,compatible,
pde,pysindy,vgs_II_0-1000,vgs_II_0-1000,compatible,
pde,dscv,vgs_II_1000-2000,vgs_II_1000-2000,compatible,
pde,spr,vgs_II_1000-2000,vgs_II_1000-2000,compatible,
pde,sga,vgs_II_1000-2000,vgs_II_1000-2000,incompatible,"SGA SolverConfig currently defines only burgers, kdv and chafee-infante presets"
pde,dlga,vgs_II_1000-2000,vgs_II_1000-2000,compatible,
pde,deepmod,vgs_II_1000-2000,vgs_II_1000-2000,compatible,
pde,pdefind,vgs_II_1000-2000,vgs_II_1000-2000,compatible,
pde,pdenet,vgs_II_1000-2000,vgs_II_1000-2000,incompatible,pdenet example adapter requires two spatial dimensions
pde,weakform,vgs_II_1000-2000,vgs_II_1000-2000,incompatible,weakform example adapter requires two spatial dimensions
pde,eqgpt,vgs_II_1000-2000,vgs_II_1000-2000,compatible,
pde,sindy,vgs_II_1000-2000,vgs_II_1000-2000,compatible,
pde,pysindy,vgs_II_1000-2000,vgs_II_1000-2000,compatible,
pde,dscv,vgs_I_0-100,vgs_I_0-100,compatible,
pde,spr,vgs_I_0-100,vgs_I_0-100,compatible,
pde,sga,vgs_I_0-100,vgs_I_0-100,incompatible,"SGA SolverConfig currently defines only burgers, kdv and chafee-infante presets"
pde,dlga,vgs_I_0-100,vgs_I_0-100,compatible,
pde,deepmod,vgs_I_0-100,vgs_I_0-100,compatible,
pde,pdefind,vgs_I_0-100,vgs_I_0-100,compatible,
pde,pdenet,vgs_I_0-100,vgs_I_0-100,incompatible,pdenet example adapter requires two spatial dimensions
pde,weakform,vgs_I_0-100,vgs_I_0-100,incompatible,weakform example adapter requires two spatial dimensions
pde,eqgpt,vgs_I_0-100,vgs_I_0-100,compatible,
pde,sindy,vgs_I_0-100,vgs_I_0-100,compatible,
pde,pysindy,vgs_I_0-100,vgs_I_0-100,compatible,
pde,dscv,vgs_I_100-200,vgs_I_100-200,compatible,
pde,spr,vgs_I_100-200,vgs_I_100-200,compatible,
pde,sga,vgs_I_100-200,vgs_I_100-200,incompatible,"SGA SolverConfig currently defines only burgers, kdv and chafee-infante presets"
pde,dlga,vgs_I_100-200,vgs_I_100-200,compatible,
pde,deepmod,vgs_I_100-200,vgs_I_100-200,compatible,
pde,pdefind,vgs_I_100-200,vgs_I_100-200,compatible,
pde,pdenet,vgs_I_100-200,vgs_I_100-200,incompatible,pdenet example adapter requires two spatial dimensions
pde,weakform,vgs_I_100-200,vgs_I_100-200,incompatible,weakform example adapter requires two spatial dimensions
pde,eqgpt,vgs_I_100-200,vgs_I_100-200,compatible,
pde,sindy,vgs_I_100-200,vgs_I_100-200,compatible,
pde,pysindy,vgs_I_100-200,vgs_I_100-200,compatible,
pde,dscv,wave_breaking,L_G2Tp12A080_broad,compatible,
pde,spr,wave_breaking,L_G2Tp12A080_broad,compatible,
pde,sga,wave_breaking,L_G2Tp12A080_broad,incompatible,"SGA SolverConfig currently defines only burgers, kdv and chafee-infante presets"
pde,dlga,wave_breaking,L_G2Tp12A080_broad,compatible,
pde,deepmod,wave_breaking,L_G2Tp12A080_broad,compatible,
pde,pdefind,wave_breaking,L_G2Tp12A080_broad,compatible,
pde,pdenet,wave_breaking,L_G2Tp12A080_broad,incompatible,pdenet example adapter requires two spatial dimensions
pde,weakform,wave_breaking,L_G2Tp12A080_broad,incompatible,weakform example adapter requires two spatial dimensions
pde,eqgpt,wave_breaking,L_G2Tp12A080_broad,compatible,
pde,sindy,wave_breaking,L_G2Tp12A080_broad,compatible,
pde,pysindy,wave_breaking,L_G2Tp12A080_broad,compatible,
pde,dscv,wdwake,wdwake,incompatible,dscv adapter supports a scalar field in one spatial dimension
pde,spr,wdwake,wdwake,incompatible,spr adapter supports a scalar field in one spatial dimension
pde,sga,wdwake,wdwake,incompatible,sga adapter supports a scalar field in one spatial dimension
pde,dlga,wdwake,wdwake,incompatible,dlga adapter supports a scalar field in one spatial dimension
pde,deepmod,wdwake,wdwake,incompatible,deepmod adapter supports a scalar field in one spatial dimension
pde,pdefind,wdwake,wdwake,incompatible,pdefind adapter supports a scalar field in one spatial dimension
pde,pdenet,wdwake,wdwake,compatible,
pde,weakform,wdwake,wdwake,compatible,
pde,eqgpt,wdwake,wdwake,incompatible,eqgpt adapter supports a scalar field in one spatial dimension
pde,sindy,wdwake,wdwake,incompatible,sindy adapter supports a scalar field in one spatial dimension
pde,pysindy,wdwake,wdwake,incompatible,pysindy adapter supports a scalar field in one spatial dimension
